"name","countries","scope","category","maternal_haplogroups","paternal_haplogroups","description","region_map_code","map_url"
"Cairo and Western Nile Delta","Egypt","Egyptian branch","World > Western Asian & North African > Arab, Egyptian & Levantine > Egyptian & Southern Levantine","L3f1b, L3f1b2a and L2a2a","E-M183, E-L677 and E-M5021","You are connected through shared ancestors to people of Egyptian descent primarily from Cairo and the western Nile Delta.

In addition to Cairo, many people in this Genetic Group report ancestors from Alexandria. Many people in this Genetic Group report speaking Egyptian Arabic. Common maternal haplogroups in this Genetic Group include L3f1b, L3f1b2a and L2a2a. Common paternal haplogroups in this Genetic Group include E-M183, E-L677 and E-M5021.","4d13e77d9e5f130a915a61daec896318d509d3f0db41a47ad67291e618a6c411","https://permalinks.23andme.com/you/json/ancestry_composition/clusters/cluster_maps/c6/e3d9a404c62f67268351f8728d84a7b985865a43afc6db31229177940a81b1.json"
"Central Nile Delta","Egypt","Egyptian branch","World > Western Asian & North African > Arab, Egyptian & Levantine > Egyptian & Southern Levantine","L2a1, L3f1b and L0a1c","J-M267, J-CTS5368 and E-M5021","You are connected through shared ancestors to people of Egyptian descent primarily from a region around the central Nile Delta.

Many people in this Genetic Group report ancestors from Alexandria and Cairo. Many people in this Genetic Group report speaking Egyptian Arabic. Common maternal haplogroups in this Genetic Group include L2a1, L3f1b and L0a1c. Common paternal haplogroups in this Genetic Group include J-M267, J-CTS5368 and E-M5021.","1df4c89e35ce14942af6bbb23d28c2e87fae5a1d0b4f6089716c9ae2155edbb9","https://permalinks.23andme.com/you/json/ancestry_composition/clusters/cluster_maps/4a/c1cdb65163047c0aa03044ae9d06cb776bc623926178555f92a9f2fa05109d.json"
"Damietta Branch Region","Egypt","Egyptian branch","World > Western Asian & North African > Arab, Egyptian & Levantine > Egyptian & Southern Levantine","L3d1a, L3e1 and L2a1","J-M410, J-CTS5368 and E-M78","You are connected through shared ancestors to people of Egyptian descent primarily from a region around the Damietta Branch, a distributary of the Nile on Egypt's northeastern coast.

Many people in this Genetic Group report ancestors from Mansoura, Port Said, and Damietta. Many people in this Genetic Group report speaking Egyptian Arabic. Common maternal haplogroups in this Genetic Group include L3d1a, L3e1 and L2a1. Common paternal haplogroups in this Genetic Group include J-M410, J-CTS5368 and E-M78.","9faedb3a92691a9eece126e7a411a8503bd3f0ee1814a3e420cab849757f21c4","https://permalinks.23andme.com/you/json/ancestry_composition/clusters/cluster_maps/89/93513dfed4134d25ba9ce85f94d4e9b67cfc5d1c4d677992782988bf85c824.json"
"Eastern-Central Nile Delta","Egypt","Egyptian branch","World > Western Asian & North African > Arab, Egyptian & Levantine > Egyptian & Southern Levantine","L4b2b, L3f1b2a and L5c2","J-M267, J-CTS5368 and E-M5021","You are connected through shared ancestors to people of Egyptian descent primarily from the central and eastern Nile Delta.

Many people in this Genetic Group report ancestors from Shubrakhit and Al Adliyyah, as well as Alexandria and Cairo. Many people in this Genetic Group report speaking Egyptian Arabic. Common maternal haplogroups in this Genetic Group include L4b2b, L3f1b2a and L5c2. Common paternal haplogroups in this Genetic Group include J-M267, J-CTS5368 and E-M5021.","db13713216f185fbb74d8fdeb989c41756ef27da650fae1a93da87ed7010fd30","https://permalinks.23andme.com/you/json/ancestry_composition/clusters/cluster_maps/94/383fbeac0a92830e1b62a521615af89e632e614693854e75906a8a438599ac.json"
"Egyptian Nubian peoples","Egypt","Egyptian branch","World > Western Asian & North African > Arab, Egyptian & Levantine > Egyptian & Southern Levantine","HV1b1, L3f1b and L2a1","E-M123, E-Z1902 and E-L29","You are connected through shared ancestors to people of Egyptian descent primarily from a region around the southern Nile in Egypt, many of whom identify as Nubian. Nubians are an indigenous people of the Nile in southern Egypt and northern Sudan whose traditional languages include Nobiin and Kenzi. Many Egyptian Nubian communities were resettled north of Aswan in the 1960s when the Aswan High Dam flooded much of historic Nubia.

Many people in this Genetic Group report ancestors from Aswan. Many people in this Genetic Group report speaking Egyptian Arabic, and some people in this Genetic Group report speaking Nobiin and Sa'idi Arabic. Common maternal haplogroups in this Genetic Group include HV1b1, L3f1b and L2a1. Common paternal haplogroups in this Genetic Group include E-M123, E-Z1902 and E-L29.","8dfe46a319b59e139c4fcd596d6074f2e2fedfa4ab789d35aeccf2602b289635","https://permalinks.23andme.com/you/json/ancestry_composition/clusters/cluster_maps/9c/548461ec52e191ad64458161fc76a848bb223c0ef3ef0bc1d06425c26b582d.json"
"Egyptians from Mit Ghamr","Egypt","Egyptian branch","World > Western Asian & North African > Arab, Egyptian & Levantine > Egyptian & Southern Levantine","L2a1, L0b and L3x2a1","J-CTS5368, E-M5021 and E-M78","You are connected through shared ancestors to people of Egyptian descent primarily from a region around Mit Ghamr in the southern Nile Delta.

In addition to Mit Ghamr, some people in this Genetic Group report ancestors from Mashtool El Souk and Damas. Many people in this Genetic Group report speaking Egyptian Arabic. Common maternal haplogroups in this Genetic Group include L2a1, L0b and L3x2a1. Common paternal haplogroups in this Genetic Group include J-CTS5368, E-M5021 and E-M78.","0b7178bd5a53320fb25722f92c5fd25e7d6d03758234947cbcd825c04e9167d6","https://permalinks.23andme.com/you/json/ancestry_composition/clusters/cluster_maps/f5/3656100802cabf0681d46088c49aaf6a325a269a737b0ace4e2161585441ee.json"
"Egyptians from the Hijaz","Egypt","Egyptian branch","World > Western Asian & North African > Arab, Egyptian & Levantine > Egyptian & Southern Levantine","L3d1-5, L1b1a and L2a1","E-M183, E-L29 and E-L677","You are connected through shared ancestors to people of Egyptian descent with recent ancestors from the Hijaz region of western Saudi Arabia. The cities of the Hijaz have drawn pilgrims and long-term settlers from Egypt and across the Muslim world for centuries.

Many people in this Genetic Group report ancestors from Mecca, Jeddah, and Medina. Many people in this Genetic Group report speaking Hijazi Arabic, and some people in this Genetic Group report speaking Egyptian Arabic. Common maternal haplogroups in this Genetic Group include L3d1-5, L1b1a and L2a1. Common paternal haplogroups in this Genetic Group include E-M183, E-L29 and E-L677.","6bdd94f37cd97e93296c441155747767b13fd54f64391fe44307750f17bf0b2b","https://permalinks.23andme.com/you/json/ancestry_composition/clusters/cluster_maps/3a/9ddc4975199049cd94425c88635e00b3192c9fb19649942c434f74154edf61.json"
"Nile Delta Coast","Egypt","Egyptian branch","World > Western Asian & North African > Arab, Egyptian & Levantine > Egyptian & Southern Levantine","L2a1, L3f1b and L3x2a1a","E-L677, E-M78 and E-M5021","You are connected through shared ancestors to people of Egyptian descent primarily from the Nile Delta and Egypt's northeastern Mediterranean coast.

Many people in this Genetic Group report ancestors from Alexandria and Cairo. Many people in this Genetic Group report speaking Egyptian Arabic. Common maternal haplogroups in this Genetic Group include L2a1, L3f1b and L3x2a1a. Common paternal haplogroups in this Genetic Group include E-L677, E-M78 and E-M5021.","2f866bd43610fa5ffb738e082a43b95e6ddd8ffbc2d9efebf0fbb4b67ae22fcf","https://permalinks.23andme.com/you/json/ancestry_composition/clusters/cluster_maps/21/a3e93bd40d49ce59ff7c1c1a6798f55a2299628c2bd01a1017c63c28d34123.json"
"Nile Delta Egyptians","Egypt","Egyptian branch","World > Western Asian & North African > Arab, Egyptian & Levantine > Egyptian & Southern Levantine","HV1, L2a1 and M1a1","E-M123, E-M183 and E-L677","You are connected through shared ancestors to people of Egyptian descent primarily from the Nile Delta and Egypt's Mediterranean coast. The Nile Delta has been the agricultural and demographic core of Egypt for millennia, drawing traders and settlers from around the Mediterranean and the Red Sea.

Many people in this Genetic Group report ancestors from Alexandria, Cairo, Mansoura, and Kafr El-Shaikh. Many people in this Genetic Group report speaking Egyptian Arabic, and some people in this Genetic Group report speaking Eastern Egyptian Bedawi Arabic. Common maternal haplogroups in this Genetic Group include HV1, L2a1 and M1a1. Common paternal haplogroups in this Genetic Group include E-M123, E-M183 and E-L677.","d46ddc4b6612625aa553f77a365e6eb4df8b1fe8bf522b1af1b8db39c60fcbf9","https://permalinks.23andme.com/you/json/ancestry_composition/clusters/cluster_maps/1e/f70d892102d0b6075c74041003f3c2ea217fa26df0cc829f9e9059956656c4.json"
"North-Central Nile Delta","Egypt","Egyptian branch","World > Western Asian & North African > Arab, Egyptian & Levantine > Egyptian & Southern Levantine","L3h1b, L0a1d and L2a1","E-M5021, E-M78 and E-L677","You are connected through shared ancestors to people of Egyptian descent primarily from the north-central Nile Delta.

Many people in this Genetic Group report ancestors from Nawasa Al Bahr, Kafr El-Shaikh, El-Mahalla El-Kubra, and Mansoura. Many people in this Genetic Group report speaking Egyptian Arabic. Common maternal haplogroups in this Genetic Group include L3h1b, L0a1d and L2a1. Common paternal haplogroups in this Genetic Group include E-M5021, E-M78 and E-L677.","9688a1dafed19c2ce1aba6b8385a2e1b60bdca30e0d0a481414cb86d2f1f9f78","https://permalinks.23andme.com/you/json/ancestry_composition/clusters/cluster_maps/d4/69e61d944f9677cbd421bf7084d2bd0ca2929ee3228b4bf4e692430778db28.json"
"South-Central Nile Delta","Egypt","Egyptian branch","World > Western Asian & North African > Arab, Egyptian & Levantine > Egyptian & Southern Levantine","L3f1b, L2a1 and L5c2","E-L677, J-CTS5368 and E-M5021","You are connected through shared ancestors to people of Egyptian descent primarily from the heartland of the Nile Delta.

Many people in this Genetic Group report ancestors from Shibin El Kom, Qalyub, and Cairo. Many people in this Genetic Group report speaking Egyptian Arabic, and some people in this Genetic Group report speaking Eastern Egyptian Bedawi Arabic. Common maternal haplogroups in this Genetic Group include L3f1b, L2a1 and L5c2. Common paternal haplogroups in this Genetic Group include E-L677, J-CTS5368 and E-M5021.","3240ad12f7412931b06518914b996cd12c8ae1cf5dfa3a5724d271e39febcace","https://permalinks.23andme.com/you/json/ancestry_composition/clusters/cluster_maps/e5/87cf3874ffaf8f143d746f8dcd10d35cf12d9a82323c71aa68c9225a93f4fb.json"
"Southern Nile Delta","Egypt","Egyptian branch","World > Western Asian & North African > Arab, Egyptian & Levantine > Egyptian & Southern Levantine","L3h1, L2a1 and L3h1a2a","J-CTS5368, E-M5021 and E-M78","You are connected through shared ancestors to people of Egyptian descent primarily from a region in the southern Nile Delta north of Cairo.

In addition to Cairo, some people in this Genetic Group report ancestors from As Sanafin Al Qibliyyah and Ismailia. Many people in this Genetic Group report speaking Egyptian Arabic. Common maternal haplogroups in this Genetic Group include L3h1, L2a1 and L3h1a2a. Common paternal haplogroups in this Genetic Group include J-CTS5368, E-M5021 and E-M78.","793a18213237b866dff8cd63b667549610c996c7a63dac5b2cb2e96fb9e19288","https://permalinks.23andme.com/you/json/ancestry_composition/clusters/cluster_maps/1f/c4f7a9cac59bc9ae759c9f67664c4365ec074d8084a36bf68c9be6ec8c5a37.json"
"Al Hoceima Bay","Morocco","North African branch","World > Western Asian & North African > North African","L3b1, L2a1l and L3e5","J-M67, E-M44 and E-M183","You are connected through shared ancestors to people of North African descent primarily from the region around Al Hoceima Bay in northern Morocco, some of whom identify as Rifian or Amazigh.

In addition to Al Hoceima, many people in this Genetic Group report ancestors from Bni Bouayach, Chakrane, and Bni Abdallah. Many people in this Genetic Group report speaking Tarifit. Common maternal haplogroups in this Genetic Group include L3b1, L2a1l and L3e5. Common paternal haplogroups in this Genetic Group include J-M67, E-M44 and E-M183.","98b45a7062b884fc263113bf7da4937db1250fe90f3141244fdd5251df346762","https://permalinks.23andme.com/you/json/ancestry_composition/clusters/cluster_maps/47/2cea9cb8b9088ca57f9883639431804c9f313f51ca569bc323196b3e52c6b3.json"
"Algerians from El Milia","Algeria","North African branch","World > Western Asian & North African > North African","L3f1b, L3d1c and L1b1a","E-L485, E-M183 and E-V65","You are connected through shared ancestors to people of North African descent primarily from the region around El Milia in northeastern Algeria.

In addition to El Milia, many people in this Genetic Group report ancestors from Constantine. Many people in this Genetic Group report speaking Algerian Arabic. Common maternal haplogroups in this Genetic Group include L3f1b, L3d1c and L1b1a. Common paternal haplogroups in this Genetic Group include E-L485, E-M183 and E-V65.","6d061f2da050f478cdff8258ac103d1e22f560d4c800810e58e0fae6e6df29e3","https://permalinks.23andme.com/you/json/ancestry_composition/clusters/cluster_maps/2a/c0dec4ddff66d0a178675d9392ffe642bc8e62568b7714480c6bbe250f3bc7.json"
"Algerians from Jijel","Algeria","North African branch","World > Western Asian & North African > North African","U4a, U6a1 and L1b1a","J-L26, J-M67 and E-M183","You are connected through shared ancestors to people of North African descent primarily from Jijel and the coast to the east in northeastern Algeria.

In addition to Jijel, some people in this Genetic Group report ancestors from Sidi Abdelaziz, Chekfa, and Djemaa Beni Habibi. Many people in this Genetic Group report speaking Algerian Arabic. Common maternal haplogroups in this Genetic Group include U4a, U6a1 and L1b1a. Common paternal haplogroups in this Genetic Group include J-L26, J-M67 and E-M183.","f51b1ef3993c4a30ab8f22b68da8068e99a121abbb978ca898c8b90234d6122c","https://permalinks.23andme.com/you/json/ancestry_composition/clusters/cluster_maps/48/3fba9278a11dd4b5df786bcdb2ec65617dedba05b6479092977b4b820b02d2.json"
"Algerians from Médéa","Algeria","North African branch","World > Western Asian & North African > North African","L2a1c, L2a1 and L1b1a","J-CTS5368, E-V257 and E-M183","You are connected through shared ancestors to people of North African descent primarily from Médéa and the Tell Atlas Mountains region south of Algiers.

In addition to Médéa, some people in this Genetic Group report ancestors from Bordj El Kiffan, El Omaria, Blida, and Dellys. Many people in this Genetic Group report speaking Algerian Arabic. Common maternal haplogroups in this Genetic Group include L2a1c, L2a1 and L1b1a. Common paternal haplogroups in this Genetic Group include J-CTS5368, E-V257 and E-M183.","f11148afdf7593110c3523ad0eded79c2468367642f6522c3a82cd07cacd5cbf","https://permalinks.23andme.com/you/json/ancestry_composition/clusters/cluster_maps/53/726780b790677e4d85713b507dfe4198bc150d2bc66394a5c7d4accbc4cd27.json"
"Algerians from Sidi Aïssa","Algeria","North African branch","World > Western Asian & North African > North African","L1b1a, L1b and L2a1c","R-P311, J-CTS5368 and E-M183","You are connected through shared ancestors to people of North African descent primarily from a region around Sidi Aïssa in north-central Algeria.

In addition to Sidi Aïssa, some people in this Genetic Group report ancestors from Dirrah and M'Sila. Many people in this Genetic Group report speaking Algerian Arabic, and some people in this Genetic Group report speaking Algerian Saharan Arabic. Common maternal haplogroups in this Genetic Group include L1b1a, L1b and L2a1c. Common paternal haplogroups in this Genetic Group include R-P311, J-CTS5368 and E-M183.","144e70998712c9de886b4c09a919314a823a4d6b44ef8e99107200adf30bf9f7","https://permalinks.23andme.com/you/json/ancestry_composition/clusters/cluster_maps/6a/04c632694ae502f2c7f266ba1bea1e09bca3bc6ca65300f72d154d5e48de91.json"
"Anti-Atlas Mountains and Northwestern Sahara","Morocco, Mauritania","North African branch","World > Western Asian & North African > North African","L2a1, L1b1a and U6a","J-CTS5368, E-V257 and E-M183","You are connected through shared ancestors to people of North African descent primarily from southwestern Morocco through Western Sahara into Mauritania, some of whom identify as Amazigh. The Souss Valley and Anti-Atlas Mountains are the heartland of the Shilha people, while the desert further south, extending into Mauritania, is home to many Hassaniyya-speaking communities.

Many people in this Genetic Group report ancestors from Agadir, Taroudant, Tafraoute, Tiznit, Essaouira, Tanalt, Ait Baha, and Marrakesh in Morocco. Many people in this Genetic Group report speaking Tachelhit and Hassaniyya as well as Moroccan Arabic. Common maternal haplogroups in this Genetic Group include L2a1, L1b1a and U6a. Common paternal haplogroups in this Genetic Group include J-CTS5368, E-V257 and E-M183.","4e951153e16573bb421815b302a102b7375596f7c6f6cc2569db00e7df3e9fed","https://permalinks.23andme.com/you/json/ancestry_composition/clusters/cluster_maps/ba/16df258586cef128256f4be57cbd698f675e8f8f407c812117fabba54fc240.json"
"Atlantic Anti-Atlas Mountains","Morocco","North African branch","World > Western Asian & North African > North African","L3e5, L2a1l and L1b1a","E-L485, E-V257 and E-M183","You are connected through shared ancestors to people of North African descent primarily from the Atlantic edge of the Anti-Atlas Mountains in southern Morocco, many of whom identify as Amazigh.

Many people in this Genetic Group report ancestors from Tiznit, Corniche Aglou, Tanalt, Tighirt, Anzi, Mirleft, and Ait Bella. Many people in this Genetic Group report speaking Tachelhit, Taznatit, and Senhaja de Srair (or Senhaja Berber). Common maternal haplogroups in this Genetic Group include L3e5, L2a1l and L1b1a. Common paternal haplogroups in this Genetic Group include E-L485, E-V257 and E-M183.","a26b667ce87ad32ac67fea812d594ed2aa0b85ccc49b3504da5f9ddfaf10b5bb","https://permalinks.23andme.com/you/json/ancestry_composition/clusters/cluster_maps/08/fa03172986461df9ccb76309ac84e392bb4a393812dd17f0b105a2466627a3.json"
"Belezma Mountains","Algeria","North African branch","World > Western Asian & North African > North African","M1b1, HV0 and L1b1a6","J-CTS5368 and E-M183","You are connected through shared ancestors to people of North African descent primarily from a region around the Belezma Mountains in northeastern Algeria.

Many people in this Genetic Group report ancestors from Batna, Barika, Tébessa, and Djasr Kasentina. Many people in this Genetic Group report speaking Algerian Arabic. Common maternal haplogroups in this Genetic Group include M1b1, HV0 and L1b1a6. Common paternal haplogroups in this Genetic Group include J-CTS5368 and E-M183.","fa4751b306bf259a8cf7a629ed744cc7a1f2cd73ae1c419caee184546a31a691","https://permalinks.23andme.com/you/json/ancestry_composition/clusters/cluster_maps/ad/bbc4e99ae75d962041b72763ebef06ba584e036543a1cfcc9ae598f75342bd.json"
"Beni Snassen Mountains","Morocco","North African branch","World > Western Asian & North African > North African","L2a1, L2b2 and L1c3b1","J-CTS5368, E-V257 and E-M183","You are connected through shared ancestors to people of North African descent primarily from a region around the Beni Snassen Mountains in the eastern border region of Morocco.

Many people in this Genetic Group report ancestors from Oujda, Bni Drar, Moulay Boucht, and Berkane. Many people in this Genetic Group report speaking Moroccan Arabic. Common maternal haplogroups in this Genetic Group include L2a1, L2b2 and L1c3b1. Common paternal haplogroups in this Genetic Group include J-CTS5368, E-V257 and E-M183.","5dab808ced894b4f51fd047c4cdd3fcc7a6ef723d33477946807147ca2f7e42c","https://permalinks.23andme.com/you/json/ancestry_composition/clusters/cluster_maps/5c/a545c8ede4b34b39e3de2b4dccacc16fd60181d893f3c499b97d1b7ae33fd9.json"
"Biban Mountains","Algeria","North African branch","World > Western Asian & North African > North African","U6a5, U6a7a and L1b1a","J-L283, E-L29 and E-M183","You are connected through shared ancestors to people of North African descent primarily from a region around the Biban Mountains in the southern hills of Kabylia in Algeria, some of whom identify as Kabyle.

Many people in this Genetic Group report ancestors from Guenzet, Bordj Zemoura, and Bordj Bou Arreridj. Many people in this Genetic Group report speaking Algerian Arabic and Amazigh. Common maternal haplogroups in this Genetic Group include U6a5, U6a7a and L1b1a. Common paternal haplogroups in this Genetic Group include J-L283, E-L29 and E-M183.","417822007d1050ad6fb1e6fb5cd5a77a54400e9496e0291cccbaeb5a486ca9b2","https://permalinks.23andme.com/you/json/ancestry_composition/clusters/cluster_maps/03/e32cedbd1413bf730f12d0ce19f9373d10db77fd2d7e59861d1bf0f874eb19.json"
"Cap Bon Peninsula","Tunisia","North African branch","World > Western Asian & North African > North African","H5'36, U5b and L2a1","E-M78, E-L618 and E-M183","You are connected through shared ancestors to people of North African descent primarily from the Cap Bon Peninsula of northeastern Tunisia.

Many people in this Genetic Group report ancestors from Nabeul, Kelibia, Korba, Dar Chaabane El Fehri, and El Maâmoura. Many people in this Genetic Group report speaking Tunisian Arabic. Common maternal haplogroups in this Genetic Group include H5'36, U5b and L2a1. Common paternal haplogroups in this Genetic Group include E-M78, E-L618 and E-M183.","ccdedadd83abab077267519d3b5b46cf3065c82f1cb18ce3e4f1dd6771da7085","https://permalinks.23andme.com/you/json/ancestry_composition/clusters/cluster_maps/8a/726b2dba460a21a209be3896345729044406de587bad2be87e35b5316b134b.json"
"Casablanca and Chaouia Plain","Morocco","North African branch","World > Western Asian & North African > North African","L1c3b1, L1b1a and L3e5","E-V65, E-V257 and E-M183","You are connected through shared ancestors to people of North African descent primarily from Casablanca and nearby regions in the Chaouia Plain in Morocco.

In addition to Casablanca, many people in this Genetic Group report ancestors from Settat, Mohammedia, Berrechid, and Ben Slimane. Many people in this Genetic Group report speaking Moroccan Arabic. Common maternal haplogroups in this Genetic Group include L1c3b1, L1b1a and L3e5. Common paternal haplogroups in this Genetic Group include E-V65, E-V257 and E-M183.","f2cc1bbad8adc031b0f26845abd9f14f6ac42d6815544d0f772f2a06214eef90","https://permalinks.23andme.com/you/json/ancestry_composition/clusters/cluster_maps/2e/e5b1aa957491d11be9338ad4b57f61d50c21da801c6133e59df895dcb6ef2c.json"
"Central Libyan Coast","Libya","North African branch","World > Western Asian & North African > North African","L3h1b, L2a2a and L4a2","E-V65, J-CTS5368 and E-M183","You are connected through shared ancestors to people of North African descent primarily from the central Libyan coast.

Many people in this Genetic Group report ancestors from Benghazi, Misrata, Zliten, Tripoli, Derna, Al Bayda, and Al Marj. Many people in this Genetic Group report speaking Libyan Arabic. Common maternal haplogroups in this Genetic Group include L3h1b, L2a2a and L4a2. Common paternal haplogroups in this Genetic Group include E-V65, J-CTS5368 and E-M183.","aeec6918058e3e578d1766f811d03d29857c42a6297af4811a11236da73bd0c9","https://permalinks.23andme.com/you/json/ancestry_composition/clusters/cluster_maps/a9/3010c9b565cc48948dcff0bdac9072eda86cf4855bd21aef37fef45d69831e.json"
"Central Middle Atlas Mountains","Morocco","North African branch","World > Western Asian & North African > North African","L3f1b, L3e5 and L2a1l2","E-M180, E-L485 and E-M183","You are connected through shared ancestors to people of North African descent primarily from the central Middle Atlas Mountains of Morocco, some of whom identify as Amazigh.

Some people in this Genetic Group report ancestors from Tinejdad, Er-Rich, and Meknes. Many people in this Genetic Group report speaking Central Atlas Tamazight. Common maternal haplogroups in this Genetic Group include L3f1b, L3e5 and L2a1l2. Common paternal haplogroups in this Genetic Group include E-M180, E-L485 and E-M183.","66a8e101bd22a85702d05be27b626d723bdb6e10cbfdca13024f2968f5959d41","https://permalinks.23andme.com/you/json/ancestry_composition/clusters/cluster_maps/42/73e7ef916471525a3c5afbce89d1264921b852cc0239b8df294328e8d3910b.json"
"Central Rif Mountains","Morocco","North African branch","World > Western Asian & North African > North African","L2a1c, L1b1a and HV0","E-M5021, E-V257 and E-M183","You are connected through shared ancestors to people of North African descent primarily from the central Rif Mountains of northern Morocco, some of whom identify as Rifian or Amazigh.

Many people in this Genetic Group report ancestors from Taza, and some people in this Genetic Group report ancestors from Douar Roukba, Driouch, Oued Amlil, Fes, and Guercif. Many people in this Genetic Group report speaking Moroccan Arabic, and some people in this Genetic Group report speaking Tarifit. Common maternal haplogroups in this Genetic Group include L2a1c, L1b1a and HV0. Common paternal haplogroups in this Genetic Group include E-M5021, E-V257 and E-M183.","5009d63d89aa0547d14213f6be3ebaa100a392cdeea6b584342b0763aa31cd74","https://permalinks.23andme.com/you/json/ancestry_composition/clusters/cluster_maps/42/841d442d76968af1972713306e720d3288374f6fb4ff69395aebebbecef7cd.json"
"Central Rifians","Morocco","North African branch","World > Western Asian & North African > North African","L3e5, L1b and L1b1a","R-Z28496, J-CTS5368 and E-M183","You are connected through shared ancestors to people of North African descent primarily from the central Rif Mountains of northern Morocco, many of whom identify as Rifian or Amazigh.

Many people in this Genetic Group report ancestors from Aknoul, Tafersit, Ajdir, Midar, Ijermaouas, Temsaman, and Iferni. Many people in this Genetic Group report speaking Tarifit. Common maternal haplogroups in this Genetic Group include L3e5, L1b and L1b1a. Common paternal haplogroups in this Genetic Group include R-Z28496, J-CTS5368 and E-M183.","6e654be53bc65e5ca8cc66ffb32dbc9dc6a9e1efa5d4fe85fadc8c739a3489dd","https://permalinks.23andme.com/you/json/ancestry_composition/clusters/cluster_maps/a1/693e7730e553355ad663cdc69c6ccfdb1c1cccc015a82c9650decb8a574359.json"
"Chaoui and Eastern Algerian peoples","Algeria","North African branch","World > Western Asian & North African > North African","L1b1a, HV0 and U6a","E-M78, E-M5021 and E-M183","You are connected through shared ancestors to people of North African descent primarily from northeastern Algeria, some of whom identify as Chaoui (or Shawiya). The Aurès Mountains are the homeland of the Chaoui people, while the coast between Jijel and Annaba has long supported Arabic-speaking farming and port communities.

Many people in this Genetic Group report ancestors from Constantine, Jijel, Batna, Sétif, Skikda, Tébessa, and Guelma. Many people in this Genetic Group report speaking Algerian Arabic, and some people in this Genetic Group report speaking Tachawit. Common maternal haplogroups in this Genetic Group include L1b1a, HV0 and U6a. Common paternal haplogroups in this Genetic Group include E-M78, E-M5021 and E-M183.","16bd0745495a477da339cd56364a81bdfcf4a24ac0555e429aad4fc2d66bdac9","https://permalinks.23andme.com/you/json/ancestry_composition/clusters/cluster_maps/9d/f7aea962db373ec85425b95b4b8cddaed19afd39b072164b2cc836cd15856f.json"
"Chaouia and Doukkala Plains","Morocco","North African branch","World > Western Asian & North African > North African","U6a, L1b and L2a1","E-V257, E-V65 and E-M183","You are connected through shared ancestors to people of North African descent primarily from the Chaouia and Doukkala Plains near Morocco's northern Atlantic coast, some of whom identify as Amazigh. The Chaouia and Doukkala regions behind Casablanca and El Jadida are among Morocco's most productive farmland. Historically, both names referred to confederations of tribes that traditionally inhabit these regions.

Many people in this Genetic Group report ancestors from Casablanca, El Jadida, Safi, Settat, Azemmour, and Salé. Many people in this Genetic Group report speaking Moroccan Arabic, and some people in this Genetic Group report speaking Judeo-Moroccan Arabic and Standard Moroccan Tamazight. Common maternal haplogroups in this Genetic Group include U6a, L1b and L2a1. Common paternal haplogroups in this Genetic Group include E-V257, E-V65 and E-M183.","4e89ef6f69bf7aa09984c494d054643bd81df8369965f19c280c59534297ba08","https://permalinks.23andme.com/you/json/ancestry_composition/clusters/cluster_maps/35/e37e859ddc044f7558e9606fbe2899ada3fd89b3a156f83e6f2fca74a3bb0d.json"
"Chaouia Plain","Morocco","North African branch","World > Western Asian & North African > North African","L1b, L3e5 and L3b","E-L485, E-V65 and E-M183","You are connected through shared ancestors to people of North African descent primarily from the Chaouia Plain along the Atlantic coast of Morocco.

Many people in this Genetic Group report ancestors from Ben Ahmed and Sidi Hajjaj. Many people in this Genetic Group report speaking Moroccan Arabic. Common maternal haplogroups in this Genetic Group include L1b, L3e5 and L3b. Common paternal haplogroups in this Genetic Group include E-L485, E-V65 and E-M183.","1975fcf4285c6904cbcac04a9b8521f1e45bc312b8550e01b650d7ad27f30aa2","https://permalinks.23andme.com/you/json/ancestry_composition/clusters/cluster_maps/c3/2465e5597b37ca5199af2fb68e78d5ce8253c3adc3079e24597e5c6ff35513.json"
"Chichaoua Plain","Morocco","North African branch","World > Western Asian & North African > North African","L3b1a, L2a1 and L3f1b","E-M5021, E-V257 and E-M183","You are connected through shared ancestors to people of North African descent primarily from the Chichaoua Plain region in southwestern Morocco, many of whom identify as Amazigh.

Many people in this Genetic Group report ancestors from Imintanoute, Mzouda, Idouirane, and Zagora. Many people in this Genetic Group report speaking Tachelhit, and some people in this Genetic Group report speaking Standard Moroccan Tamazight. Common maternal haplogroups in this Genetic Group include L3b1a, L2a1 and L3f1b. Common paternal haplogroups in this Genetic Group include E-M5021, E-V257 and E-M183.","c639269251a6d5bed66a540fe38a378c9e812e6c3020ba94e7f52ef00682c4d9","https://permalinks.23andme.com/you/json/ancestry_composition/clusters/cluster_maps/7f/9f94164d4434b8e8251fafa76a39afaa5143e8a2247e28c93748b6cc60979d.json"
"Coastal Kabyle people","Algeria","North African branch","World > Western Asian & North African > North African","L4b2b, L3h1b1 and L1b1a","E-L29, E-V257 and E-M183","You are connected through shared ancestors to people of North African descent primarily from the coastal region of Kabylia in Algeria, many of whom identify as Kabyle.

Many people in this Genetic Group report ancestors from Azazga, Ifigha, Azeffoun, Bouzeguene, and Timizart. Many people in this Genetic Group report speaking Amazigh and Kabyle. Common maternal haplogroups in this Genetic Group include L4b2b, L3h1b1 and L1b1a. Common paternal haplogroups in this Genetic Group include E-L29, E-V257 and E-M183.","fe5c5fa1b5175f055a91c379d4aad6e7992a6745fb27a6cce60b21e02616c144","https://permalinks.23andme.com/you/json/ancestry_composition/clusters/cluster_maps/30/9b9387051cb6603101eb7bf6ce96995e9cc982daf2e6924d6fb0bf68b640ab.json"
"Collo Massif","Algeria","North African branch","World > Western Asian & North African > North African","U6a7, U6a5 and L3d1","E-V257, E-M183 and E-CTS736","You are connected through shared ancestors to people of North African descent primarily from a region around the Collo Massif on the northeastern Algerian coast.

Many people in this Genetic Group report ancestors from Zitouna, Collo, and Cheraia. Common maternal haplogroups in this Genetic Group include U6a7, U6a5 and L3d1. Common paternal haplogroups in this Genetic Group include E-V257, E-M183 and E-CTS736.","f2152af08abac4e68d82cd86d93bc3f33d6857b81280389815b69e612df79c46","https://permalinks.23andme.com/you/json/ancestry_composition/clusters/cluster_maps/82/3ffd54a36e79c6f4d16d66cd90f44accec68d9a3cf80f04ada346101c52b80.json"
"Dadès and Todgha Valleys","Morocco","North African branch","World > Western Asian & North African > North African","L3e5, L1b and L1b1a6","J-CTS5368, E-M4254 and E-M183","You are connected through shared ancestors to people of North African descent primarily from the valleys between the High Atlas and Jbel Saghro Mountains in Morocco, many of whom identify as Amazigh.

Many people in this Genetic Group report ancestors from Taouz, Kalaat M'Gouna, Beni Tajjite, Boumalne Dadès, and Tinghir. Many people in this Genetic Group report speaking Tachelhit. Common maternal haplogroups in this Genetic Group include L3e5, L1b and L1b1a6. Common paternal haplogroups in this Genetic Group include J-CTS5368, E-M4254 and E-M183.","84c77df5b1428d069058606b25bef55eb45caf1304ee06df3a00e0e699430f54","https://permalinks.23andme.com/you/json/ancestry_composition/clusters/cluster_maps/30/a2e3631096f9f0d391350e7cb4cfa8e37d03d1ccde3e204b1b7d0daa18178f.json"
"Djerba Island","Tunisia","North African branch","World > Western Asian & North African > North African","U3b, L2a1f and L3h1b1a","E-M78, E-M123 and E-M183","You are connected through shared ancestors to people of North African descent primarily from the island of Djerba off the southeastern coast of Tunisia.

Many people in this Genetic Group report ancestors from Djerba Midun, Mahboubine, and Sedouikech. Many people in this Genetic Group report speaking Tunisian Arabic. Common maternal haplogroups in this Genetic Group include U3b, L2a1f and L3h1b1a. Common paternal haplogroups in this Genetic Group include E-M78, E-M123 and E-M183.","798824f59c873479c3036790bf187a9470e57d3a776507c99b8f8c0e01e10e6d","https://permalinks.23andme.com/you/json/ancestry_composition/clusters/cluster_maps/83/a9cd0712f025d73316ddad3e21ee96a51542e1e057c7fbf133f70b94864e3a.json"
"Djurdjura Kabyle people","Algeria","North African branch","World > Western Asian & North African > North African","L1b1a, L2a1 and U6a","E-L29, E-V257 and E-M183","You are connected through shared ancestors to people of North African descent primarily from the Djurdjura Mountains of the Kabylia region in northern Algeria, many of whom identify as Kabyle.

Many people in this Genetic Group report ancestors from Aïn El Hammam, Akbil, Agouni Gueghrane, Ouadhia, Beni Yenni, and Tizi Ouzou. Many people in this Genetic Group report speaking Amazigh and Kabyle. Common maternal haplogroups in this Genetic Group include L1b1a, L2a1 and U6a. Common paternal haplogroups in this Genetic Group include E-L29, E-V257 and E-M183.","b9bc0ea7b12f2fd3a78cfebd599461c272f275338b50c4d85bbc41ad14a68455","https://permalinks.23andme.com/you/json/ancestry_composition/clusters/cluster_maps/23/80e48600410c30d5fd928042118c2c8f802d293ba480fd621e4d8498b79f82.json"
"Doukkala Plain","Morocco","North African branch","World > Western Asian & North African > North African","L3d1-5, L2a1l and L3f1b","E-M183, E-V65 and E-L677","You are connected through shared ancestors to people of North African descent primarily from the Doukkala Plain along the Atlantic coast of Morocco southwest of Casablanca.

Many people in this Genetic Group report ancestors from El Jadida and Azemmour. Many people in this Genetic Group report speaking Moroccan Arabic. Common maternal haplogroups in this Genetic Group include L3d1-5, L2a1l and L3f1b. Common paternal haplogroups in this Genetic Group include E-M183, E-V65 and E-L677.","a285df1d892a01591b27ad2394f56fad09263f6dc04bcfd3e3260960883492eb","https://permalinks.23andme.com/you/json/ancestry_composition/clusters/cluster_maps/1b/7eaaeae8a63a8a2929bcf24470f03dd4bf39bde687c20737035f101e729514.json"
"Eastern Aurès Region","Algeria","North African branch","World > Western Asian & North African > North African","L3d1-5, L3h1b and L3h1b1a","E-V65, E-V257 and E-M183","You are connected through shared ancestors to people of North African descent primarily from the eastern Aurès region of northeastern Algeria, some of whom identify as Amazigh.

Many people in this Genetic Group report ancestors from Tébessa, Souk Ahras, Khenchela, Aïn Beïda, Meskiana, and Bir El Mokadem. Many people in this Genetic Group report speaking Algerian Arabic and Tachawit. Common maternal haplogroups in this Genetic Group include L3d1-5, L3h1b and L3h1b1a. Common paternal haplogroups in this Genetic Group include E-V65, E-V257 and E-M183.","5b1e0123e0dc8883a3afe27860fc49f460cbc0df411175dcf7fa3db6cee6d5cd","https://permalinks.23andme.com/you/json/ancestry_composition/clusters/cluster_maps/92/4f7c8dff6b2cd9b2b79917e68c2c54c8990f45eb08352731cc998c5feec9d4.json"
"Eastern Kabyle people","Algeria","North African branch","World > Western Asian & North African > North African","L3d1-5, L2a1 and L1b1a","J-L26, E-V257 and E-M183","You are connected through shared ancestors to people of North African descent primarily from the eastern region of Kabylia in Algeria, many of whom identify as Kabyle.

Many people in this Genetic Group report ancestors from Akbou, Guenzet, Ighil Ali, Bordj Bou Arreridj, Beni Ourtilane, Béjaïa, El M'hir, and Bordj Zemoura. Many people in this Genetic Group report speaking Amazigh, Kabyle, and Algerian Arabic. Common maternal haplogroups in this Genetic Group include L3d1-5, L2a1 and L1b1a. Common paternal haplogroups in this Genetic Group include J-L26, E-V257 and E-M183.","08a4b905a0fcce5b2c0c5e83a9ce7626a20056f3bd081cf31c7009289a213734","https://permalinks.23andme.com/you/json/ancestry_composition/clusters/cluster_maps/e4/2dd57093acc5536af0c45cd2e442fc1ae8ae6c3788ffcd2beb59cb9fb4ed58.json"
"Eastern Rif Coast","Morocco","North African branch","World > Western Asian & North African > North African","L2a1c, L2b1 and L1b1a","E-V65, E-V257 and E-M183","You are connected through shared ancestors to people of North African descent primarily from the central portion of the Mediterranean coast of Morocco, many of whom identify as Rifian or Amazigh.

Many people in this Genetic Group report ancestors from Nador, Bouyafar, Beni Chiker, Ouled Mehalhal, and Melilla. Many people in this Genetic Group report speaking Tarifit. Common maternal haplogroups in this Genetic Group include L2a1c, L2b1 and L1b1a. Common paternal haplogroups in this Genetic Group include E-V65, E-V257 and E-M183.","dcd3ec21713ba0fb1970879a945171ee9f571672765a13885ccb0221cfb90d3a","https://permalinks.23andme.com/you/json/ancestry_composition/clusters/cluster_maps/83/35aee62045898d1bd33740678135335cf759178add37780a8049ec3f12a7c6.json"
"Eastern Rifians","Morocco, Algeria","North African branch","World > Western Asian & North African > North African","L2a1, L1b1a and U6a","E-M5021, E-V257 and E-M183","You are connected through shared ancestors to people of North African descent primarily from the northeastern borderlands of Morocco and Algeria, many of whom identify as Amazigh or Rifian.

Many people in this Genetic Group report ancestors from Berkane, Oujda, and Tafoughalt in Morocco, and Ghazaouet and Souahlia in Algeria. Many people in this Genetic Group report speaking Moroccan Arabic, Algerian Arabic, and Tarifit. Common maternal haplogroups in this Genetic Group include L2a1, L1b1a and U6a. Common paternal haplogroups in this Genetic Group include E-M5021, E-V257 and E-M183.","51078cba9a828c8c878a38b9db0c82b5c942109c751d7744eaf8641c785f8107","https://permalinks.23andme.com/you/json/ancestry_composition/clusters/cluster_maps/81/e7e64b6f5fbc7ba69ba0bc78417e70dfa31fffb07855cc2b4123d3d530ddbb.json"
"Eastern Tunisian Coast and Kerkennah Islands","Tunisia","North African branch","World > Western Asian & North African > North African","L1b1a, L1b1a5 and L3b1b1","E-Z1902, E-V65 and E-M183","You are connected through shared ancestors to people of North African descent primarily from the eastern Tunisian coast and the Kerkennah Islands.

Many people in this Genetic Group report ancestors from Sfax, Sousse, Gabès, Moknine, Ksar Hellal, Monastir, Jemmal, Chebba, Mahdia, and Tunis. Many people in this Genetic Group report speaking Tunisian Arabic. Common maternal haplogroups in this Genetic Group include L1b1a, L1b1a5 and L3b1b1. Common paternal haplogroups in this Genetic Group include E-Z1902, E-V65 and E-M183.","1c542923b2e7a7bb8e2115027abf0d8f0ef455edab3ebd9cfddd5291b0cff1c0","https://permalinks.23andme.com/you/json/ancestry_composition/clusters/cluster_maps/99/8f15677dc4a70ac612b88d4c0e592de7207b0a2be5cdeb622e32e68ee00122.json"
"Gulf of Béjaïa Coast","Algeria","North African branch","World > Western Asian & North African > North African","L2d1a, L1b1a and L2a1f","J-L26, J-CTS5368 and E-M183","You are connected through shared ancestors to people of North African descent primarily from the coastal Mediterranean region around the Gulf of Béjaïa in northeastern Algeria.

Many people in this Genetic Group report ancestors from Jijel, Ferdjioua, Guelma, and Sétif. Many people in this Genetic Group report speaking Algerian Arabic. Common maternal haplogroups in this Genetic Group include L2d1a, L1b1a and L2a1f. Common paternal haplogroups in this Genetic Group include J-L26, J-CTS5368 and E-M183.","0c39b8316e29d7a44f2fe67cd10efe741b3443c17510c16d2eed458f0ab9cde8","https://permalinks.23andme.com/you/json/ancestry_composition/clusters/cluster_maps/0b/cc0afadcbf1e62f520b37c2ff4e4018725ce7dff32c140e1f7f15a9034d845.json"
"Gulf of Gabès","Tunisia","North African branch","World > Western Asian & North African > North African","L1b1a, L3h1b1a and L1b1a5","E-M123, E-V65 and E-M183","You are connected through shared ancestors to people of North African descent primarily from the island of Djerba and the region around the Gulf of Gabès in southeastern Tunisia, some of whom identify as Amazigh.

Many people in this Genetic Group report ancestors from Djerba Midun, Tataouine, Medinine, Mahboubine, Ksar Hadada, Beni Khedache, Sedouikech, and Ben Gardane. Many people in this Genetic Group report speaking Tunisian Arabic, and some people in this Genetic Group report speaking Shilha. Common maternal haplogroups in this Genetic Group include L1b1a, L3h1b1a and L1b1a5. Common paternal haplogroups in this Genetic Group include E-M123, E-V65 and E-M183.","262c1764011e956605c59da15f5761d49f086dc2ed60c9b8b3863e97fb64d937","https://permalinks.23andme.com/you/json/ancestry_composition/clusters/cluster_maps/1b/072cee46977c0cb4dcf5074566bf62cfb4b1d3fbbb05232ed6cdd48bd917a4.json"
"Gulf of Gabès Northern Coast","Tunisia","North African branch","World > Western Asian & North African > North African","HV0, H14a and U3b1a","J-CTS5368, E-M183 and E-V65","You are connected through shared ancestors to people of North African descent primarily from the northern region of the Gulf of Gabès in southern Tunisia.

Many people in this Genetic Group report ancestors from Gabès, Métouia, and Mahrès. Many people in this Genetic Group report speaking Tunisian Arabic. Common maternal haplogroups in this Genetic Group include HV0, H14a and U3b1a. Common paternal haplogroups in this Genetic Group include J-CTS5368, E-M183 and E-V65.","9174b2107e1f3e8be9b2415df064ff1910559711a75e9f5a41af52df4a1aca3c","https://permalinks.23andme.com/you/json/ancestry_composition/clusters/cluster_maps/4d/abc310bf49116545c91ad564f395199d8e783b98da7845aed48c46dcfd49ec.json"
"Gulf of Skikda","Algeria","North African branch","World > Western Asian & North African > North African","H5'36, H5a2 and L0a1","E-M183","You are connected through shared ancestors to people of North African descent primarily from the Gulf of Skikda coast in northeastern Algeria.

Many people in this Genetic Group report ancestors from Skikda, Azzaba, and Salah Bouchaour. Common maternal haplogroups in this Genetic Group include H5'36, H5a2 and L0a1. A common paternal haplogroup in this Genetic Group includes E-M183.","5db6ea7eb5b862c2623ab684dabd611154481ddc14117b58c306dc90bd79f46a","https://permalinks.23andme.com/you/json/ancestry_composition/clusters/cluster_maps/41/b822b32891cc13ba82eaf46c1c8a02ccaf8cb67b9e1d829c84d5604a45cbb1.json"
"Gulf of Tunis","Tunisia","North African branch","World > Western Asian & North African > North African","U6a7 and U6a1","J-CTS5368 and E-M183","You are connected through shared ancestors to people of North African descent primarily from the western coast of the Gulf of Tunis in Tunisia.

Many people in this Genetic Group report ancestors from Kalâat el-Andalous, Bizerte, and Aousja. Many people in this Genetic Group report speaking Tunisian Arabic. Common maternal haplogroups in this Genetic Group include U6a7 and U6a1. Common paternal haplogroups in this Genetic Group include J-CTS5368 and E-M183.","52d7f92e1222981f48f5e2d541a8d57e093b966691670798d9a607d00d6bde0b","https://permalinks.23andme.com/you/json/ancestry_composition/clusters/cluster_maps/52/d6663f75df39d40bc70c8b1c3a7e953d2f633dcb0457e8f93c216a79bacdd8.json"
"Hassaniyya-Speakers in Morocco","Morocco, Mauritania","North African branch","World > Western Asian & North African > North African","L2a1, L2a1c and L1b1a","J-CTS5368, E-V257 and E-M183","You are connected through shared ancestors to people of North African descent in Morocco who speak Hassaniyya, a variety of Maghrebi Arabic commonly spoken across Mauritania, Morocco, and the Western Sahara territory.

Many people in this Genetic Group report ancestors from Guelmim, Lakhssas, Timoulay, Bouizakarne, and Aneja in Morocco. People in this Genetic Group also report ancestors from Boutilimit, Timbédra, Guérou, and Atar in Mauritania. In addition to Hassaniyya, some people in this Genetic Group also report speaking Moroccan Arabic. Common maternal haplogroups in this Genetic Group include L2a1, L2a1c and L1b1a. Common paternal haplogroups in this Genetic Group include J-CTS5368, E-V257 and E-M183.","c75b0f1e746cc0cf52f366782354462604173789d7c880ff9d14355e2cf4a909","https://permalinks.23andme.com/you/json/ancestry_composition/clusters/cluster_maps/48/1cf1766c229055e6f487b9a3dc43d100aff38054c1fdd855f03df1b274b514.json"
"Hautes Plaines","Algeria","North African branch","World > Western Asian & North African > North African","L3e5, L1b1a and L2a1","J-CTS5368, E-V257 and E-M183","You are connected through shared ancestors to people of North African descent primarily from the Hautes Plaines region on the northern edge of the Algerian Sahara.

Many people in this Genetic Group report ancestors from Laghouat, Ouled Djellal, El Menia, Sidi Khaled, and Ghardaïa. Some people in this Genetic Group report speaking Algerian Arabic and Algerian Saharan Arabic. Common maternal haplogroups in this Genetic Group include L3e5, L1b1a and L2a1. Common paternal haplogroups in this Genetic Group include J-CTS5368, E-V257 and E-M183.","fd783f651f7bd70d428dca27eb28dc7c2bd7563b6db855e30cb8b24bc711b38b","https://permalinks.23andme.com/you/json/ancestry_composition/clusters/cluster_maps/aa/941d69d07f739ea664ccfe31d28901559ed5104fdb40342c86d5dabc37700f.json"
"Isser River Basin","Algeria","North African branch","World > Western Asian & North African > North African","J1c, H5a and HV0","G-L91, E-M5021 and E-M183","You are connected through shared ancestors to people of North African descent primarily from a region around the Isser River in northern Algeria.

Many people in this Genetic Group report ancestors from Thénia, Beni Amrane, Boumerdès, and Lakhdaria. Common maternal haplogroups in this Genetic Group include J1c, H5a and HV0. Common paternal haplogroups in this Genetic Group include G-L91, E-M5021 and E-M183.","fba25ff00be76c88039cbb5d2b0ed153d6485f434bb34cc563f955933748bd77","https://permalinks.23andme.com/you/json/ancestry_composition/clusters/cluster_maps/b7/d1c040305a28b1090386db22718ccf133ae1e18bf95b01d33ba1b7cd134c51.json"
"Jebel Akhdar","Libya","North African branch","World > Western Asian & North African > North African","L3f1b, L2a1 and L4a2","J-L581, E-M183 and J-CTS5368","You are connected through shared ancestors to people of North African descent primarily from the Jebel Akhdar region of northeastern Libya.

Many people in this Genetic Group report ancestors from Al Bayda, Derna, Ajdabiya, Shahhat, Al Marj, and Benghazi. Many people in this Genetic Group report speaking Libyan Arabic. Common maternal haplogroups in this Genetic Group include L3f1b, L2a1 and L4a2. Common paternal haplogroups in this Genetic Group include J-L581, E-M183 and J-CTS5368.","212f576af2245c87dd87cf125dbc4c334c87a2b7a7925eae8ec5c29e871b33a0","https://permalinks.23andme.com/you/json/ancestry_composition/clusters/cluster_maps/42/406597ca34ccb23bf2b5e0f81e9caf36caa97e3afc8697d738898404a2745f.json"
"Jebel Dahar","Tunisia","North African branch","World > Western Asian & North African > North African","J1d, L3b1 and L1b1a","J-CTS5368, E-V65 and E-M183","You are connected through shared ancestors to people of North African descent primarily from the Jebel Dahar, a low Mountain region of southeastern Tunisia, some of whom identify as Amazigh.

Many people in this Genetic Group report ancestors from Tataouine, Medenine, Ksar Hadada, Beni Khedache, Ghomrassen, and Ben Gardane. Many people in this Genetic Group report speaking Tunisian Arabic, and some people in this Genetic Group report speaking Nafusi. Common maternal haplogroups in this Genetic Group include J1d, L3b1 and L1b1a. Common paternal haplogroups in this Genetic Group include J-CTS5368, E-V65 and E-M183.","5b73d61058de744f58581657d115372300b482aa5c248e2ed939634ffb3a2dfd","https://permalinks.23andme.com/you/json/ancestry_composition/clusters/cluster_maps/4e/53dba29e39a3b855a4f81f14e972bf99e8b00996e40719d81040c85ba1c55c.json"
"Kabyle people","Algeria","North African branch","World > Western Asian & North African > North African","L1b, L2a1 and L1b1a","E-V257, E-L29 and E-M183","You are connected through shared ancestors to people of North African descent primarily from northern Algeria, many of whom identify as Kabyle. Kabylia is a mountainous region in northern Algeria, and its rugged landscape sustained the Kabyle language and a strong regional identity through successive periods of outside rule.

Many people in this Genetic Group report ancestors from Tizi Ouzou, Béjaïa, Aïn El Hammam, Azazga, Chemini, Guenzet, Akbou, Ighil Ali, Dellys, and Médéa. Many people in this Genetic Group report speaking Amazigh, Kabyle, and Algerian Arabic. Common maternal haplogroups in this Genetic Group include L1b, L2a1 and L1b1a. Common paternal haplogroups in this Genetic Group include E-V257, E-L29 and E-M183.","4fcb97788754c189d1b252196b609e481473208480b9a6ddb06ab95e576a6cc9","https://permalinks.23andme.com/you/json/ancestry_composition/clusters/cluster_maps/c2/8dcbf530ab5a3d073952cf85500829c12f57988e0b632ed0412c5a1c34560c.json"
"Kairouan Plain","Tunisia","North African branch","World > Western Asian & North African > North African","L3e2b, L2a1c and L1b1a","J-CTS5368, E-V257 and E-M183","You are connected through shared ancestors to people of North African descent primarily from the interior Plain of central Tunisia near the city of Kairouan.

In addition to Kairouan, some people in this Genetic Group report ancestors from Menzel Hayet, Haffouz, and Echrarda. Many people in this Genetic Group report speaking Tunisian Arabic. Common maternal haplogroups in this Genetic Group include L3e2b, L2a1c and L1b1a. Common paternal haplogroups in this Genetic Group include J-CTS5368, E-V257 and E-M183.","cb6bcf9a3881fa5d90af8b1a7aa54ba1501a1b98e1dc06478055ce2b0878ddcd","https://permalinks.23andme.com/you/json/ancestry_composition/clusters/cluster_maps/c2/8675a273ef5552123009ad0aa69acf338f99692b15f0efd3e27c1e66744b81.json"
"Kerkennah Islands","Tunisia","North African branch","World > Western Asian & North African > North African","K1a, L2a1c and L0a1a","E-M183","You are connected through shared ancestors to people of North African descent primarily from the Kerkennah Islands off the Tunisian coast.

In addition to the Kerkennah Islands, many people in this Genetic Group report ancestors from Chebba. Many people in this Genetic Group report speaking Tunisian Arabic. Common maternal haplogroups in this Genetic Group include K1a, L2a1c and L0a1a. A common paternal haplogroup in this Genetic Group includes E-M183.","03c8dda69ded95e6cc2cf53e7798c1fcda805b913a82b40133ce69b61817f598","https://permalinks.23andme.com/you/json/ancestry_composition/clusters/cluster_maps/21/331378a4f40f1e119600ce5e7a2d999c10d4bf37ab90db83e4ebfcdfaa2fb0.json"
"Libyans from Tripoli and Zliten","Libya","North African branch","World > Western Asian & North African > North African","L2a1c, L3d1 and L2a1","J-CTS5368 and E-M183","You are connected through shared ancestors to people of North African descent primarily from the Libyan coast between Tripoli and Zliten.

In addition to Tripoli and Zliten, some people in this Genetic Group report ancestors from Khoms. Many people in this Genetic Group report speaking Libyan Arabic. Common maternal haplogroups in this Genetic Group include L2a1c, L3d1 and L2a1. Common paternal haplogroups in this Genetic Group include J-CTS5368 and E-M183.","ce035492a190e6c2b7d1f4737c1b60d815feca18945f35db493ade5de7171ef2","https://permalinks.23andme.com/you/json/ancestry_composition/clusters/cluster_maps/1c/bda613938add2c394873de510fbdcb5cfe957fbec6e0ae5f66560b0c2daddb.json"
"Lower Moulouya River Basin","Morocco, Algeria","North African branch","World > Western Asian & North African > North African","J2b1, U6a and L2a1","J-CTS5368, E-V257 and E-M183","You are connected through shared ancestors to people of North African descent primarily from a region around the lower Moulouya River in northeastern Morocco and nearby regions in Algeria.

Many people in this Genetic Group report ancestors from Taourirt and Sidi Lahsene in Morocco, and Tlemcen in Algeria. Some people in this Genetic Group report speaking Moroccan Arabic and Senhaja de Srair (or Senhaja Berber). Common maternal haplogroups in this Genetic Group include J2b1, U6a and L2a1. Common paternal haplogroups in this Genetic Group include J-CTS5368, E-V257 and E-M183.","b74dc60e7204ebe2e5c990f70f5df9c1077586adba1eec3bdb18f66459f120b0","https://permalinks.23andme.com/you/json/ancestry_composition/clusters/cluster_maps/60/8d144c1e4c0a25859f435f52267b231033b40b0c1d277d6d1dd2a09f0d8c8f.json"
"Lower Soummam Basin","Algeria","North African branch","World > Western Asian & North African > North African","X1b, H7c and U6a","J-M67 and E-M183","You are connected through shared ancestors to people of North African descent primarily from a region around the lower Soummam River in northern Algeria, many of whom identify as Amazigh or Kabyle.

Many people in this Genetic Group report ancestors from Beni Ourtilane, Timekten, Sétif, and Béjaïa. Many people in this Genetic Group report speaking Kabyle and Amazigh. Common maternal haplogroups in this Genetic Group include X1b, H7c and U6a. Common paternal haplogroups in this Genetic Group include J-M67 and E-M183.","0ed5fe75452b511517dead08c94f18febe8fb54c26d1a291c2c638a18e4e3ae3","https://permalinks.23andme.com/you/json/ancestry_composition/clusters/cluster_maps/22/97fff12acebd817a2fa2c4c2164f7bb492c3a3db05525aea7f815fe78cec02.json"
"M'zab Valley","Algeria","North African branch","World > Western Asian & North African > North African","L3e2a, L3b and L2a1","J-CTS5368, DE-M145 and E-M183","You are connected through shared ancestors to people of North African descent primarily from a region around the M'zab Valley in the northern Algerian Sahara.

Many people in this Genetic Group report ancestors from Berriane, El Atteuf, and Ghardaïa. Some people in this Genetic Group report speaking Tidikelt Tamazight. Common maternal haplogroups in this Genetic Group include L3e2a, L3b and L2a1. Common paternal haplogroups in this Genetic Group include J-CTS5368, DE-M145 and E-M183.","fae9f11cba5ccf9dd7862fbc25d1198694774f985d221916d46a844cb8edeef2","https://permalinks.23andme.com/you/json/ancestry_composition/clusters/cluster_maps/13/3064866c4004cf111d8ca69b26d7b02bebdb1762e668cec771d04bbb12a0ef.json"
"Middle Atlas Amazigh peoples","Morocco","North African branch","World > Western Asian & North African > North African","L1b1a, HV0 and U6a","E-M4254, E-V65 and E-M183","You are connected through shared ancestors to people of North African descent primarily from the Middle Atlas Mountains in central Morocco, many of whom identify as Amazigh. The cedar forests and deep valleys of the Middle Atlas have long supported Amazigh herding communities.

Many people in this Genetic Group report ancestors from Meknes, Sefrou, Errachidia, Taouz, Kalaat M'Gouna, Khenifra, and Imouzzer Marmoucha. Many people in this Genetic Group report speaking Central Atlas Tamazight and Tachelhit as well as Moroccan Arabic. Common maternal haplogroups in this Genetic Group include L1b1a, HV0 and U6a. Common paternal haplogroups in this Genetic Group include E-M4254, E-V65 and E-M183.","a5c4398d47732ff673709e2096b18ca2417e783607387a2c0d34808b8db7a5c6","https://permalinks.23andme.com/you/json/ancestry_composition/clusters/cluster_maps/cb/0340b21568417af8398cee44880551a5c70f5f59442c8064aee1144b3c4a13.json"
"Moroccan Meseta","Morocco","North African branch","World > Western Asian & North African > North African","L1b1a6, L3b1 and L1b1a","E-V65, E-V257 and E-M183","You are connected through shared ancestors to people of North African descent primarily from the Moroccan Meseta, a region between the Atlantic coast and Atlas Mountains in southwestern Morocco, some of whom identify as Amazigh.

Many people in this Genetic Group report ancestors from Essaouira, Agadir, Tamri, and Had Draa. Some people in this Genetic Group report speaking Moroccan Arabic, and some people in this Genetic Group report speaking Tachelhit. Common maternal haplogroups in this Genetic Group include L1b1a6, L3b1 and L1b1a. Common paternal haplogroups in this Genetic Group include E-V65, E-V257 and E-M183.","f7c4f13fd698f5ceff7a7367e88b6e1b9f51e6c5b27e5be37362540ef0bc3d51","https://permalinks.23andme.com/you/json/ancestry_composition/clusters/cluster_maps/7b/ed0fe335712229de15fea8ba7d24fdc7f716c0b56e1888ce9a8af6b8659517.json"
"Moroccan Northern Atlantic Coast","Morocco","North African branch","World > Western Asian & North African > North African","L2a1, L3d1-5 and L1b1a","E-M5021, E-V257 and E-M183","You are connected through shared ancestors to people of North African descent primarily from the northern and central Atlantic coast of Morocco.

Many people in this Genetic Group report ancestors from El Jadida, Safi, Sidi Bennour, and Casablanca. Many people in this Genetic Group report speaking Moroccan Arabic. Common maternal haplogroups in this Genetic Group include L2a1, L3d1-5 and L1b1a. Common paternal haplogroups in this Genetic Group include E-M5021, E-V257 and E-M183.","47bed57d47ffe6a45ee0e24d3884daec60e75e6366e5de3429fa47f8bb1f956e","https://permalinks.23andme.com/you/json/ancestry_composition/clusters/cluster_maps/4c/c1e75330006ab17849c39bea72fe0ce251abffa798c57aba205cab1c43c25b.json"
"Moroccan-Algerian Borderlands","Morocco, Algeria","North African branch","World > Western Asian & North African > North African","L3e2b1, L2a1 and L3e2b","J-L26, J-CTS5368 and E-M183","You are connected through shared ancestors to people of North African descent primarily from the northern portion of the Moroccan-Algerian border.

Many people in this Genetic Group report ancestors from Figuig, Bouarfa, Beni Yatti, and Debdou in Morocco, and Sabra in Algeria. Some people in this Genetic Group report speaking Senhaja de Srair (or Senhaja Berber). Common maternal haplogroups in this Genetic Group include L3e2b1, L2a1 and L3e2b. Common paternal haplogroups in this Genetic Group include J-L26, J-CTS5368 and E-M183.","bec8ef5ebd8c433bec5f5579b7dca8013df76057b59b147938f8c655046519b6","https://permalinks.23andme.com/you/json/ancestry_composition/clusters/cluster_maps/1c/7ba7b4a99865abe48c9f83f4c28eb4d813528808d4e4999f6ae0cce46dbea2.json"
"Moroccans from Casablanca","Morocco","North African branch","World > Western Asian & North African > North African","L3d1-5, L3f1b and L2a1","E-V65, E-M183 and E-V257","You are connected through shared ancestors to people of North African descent primarily from a region around Casablanca along Morocco's Atlantic coast.

In addition to Casablanca, some people in this Genetic Group report ancestors from Oulad Said. Many people in this Genetic Group report speaking Moroccan Arabic. Common maternal haplogroups in this Genetic Group include L3d1-5, L3f1b and L2a1. Common paternal haplogroups in this Genetic Group include E-V65, E-M183 and E-V257.","29af7811b897f000c6de0cd1a58cff1ac9c50ffb5c9264da20b5425b84ee4ae8","https://permalinks.23andme.com/you/json/ancestry_composition/clusters/cluster_maps/94/d73eedd435f78a9e093cbdfbee835ed3e07aabf57a35252cee4b83de6c37a5.json"
"Moroccans from Khouribga","Morocco","North African branch","World > Western Asian & North African > North African","L1b1a, L2a1c and L2a1","E-V257, E-M183 and E-V65","You are connected through shared ancestors to people of North African descent primarily from Khouribga in the central plateau of Morocco.

In addition to Khouribga, some people in this Genetic Group report ancestors from Oued Zem and Fquih Ben Salah. Many people in this Genetic Group report speaking Moroccan Arabic. Common maternal haplogroups in this Genetic Group include L1b1a, L2a1c and L2a1. Common paternal haplogroups in this Genetic Group include E-V257, E-M183 and E-V65.","7177aaaf438d88e205cf16d1f6e5792c89456340431bcff1bae31fa0bb626b57","https://permalinks.23andme.com/you/json/ancestry_composition/clusters/cluster_maps/58/b41200fc97f0cb106d36c7dc987ef4c163ddbce4e99eb3f355ba1357b6a028.json"
"Moroccans from Tangier","Morocco","North African branch","World > Western Asian & North African > North African","U6a1b, L1c3a and L3e5","E-M5021, E-V257 and E-M183","You are connected through shared ancestors to people of North African descent primarily from Tangier and the nearby Rif Mountains of Morocco.

In addition to Tangier, some people in this Genetic Group report ancestors from Chefchaouen and Tetouan. Many people in this Genetic Group report speaking Moroccan Arabic. Common maternal haplogroups in this Genetic Group include U6a1b, L1c3a and L3e5. Common paternal haplogroups in this Genetic Group include E-M5021, E-V257 and E-M183.","740be7d7184c18995630f3c8f01aade02644dab1d47ffbe89dee9c17cf15279b","https://permalinks.23andme.com/you/json/ancestry_composition/clusters/cluster_maps/df/a93b3eb36ebee394d3849253a9a9fd33d195cf52314ce229d71a1a4986d24a.json"
"Mount Chenoua","Algeria","North African branch","World > Western Asian & North African > North African","L2a1c, L3e5 and L1b1a","E-M78, E-V257 and E-M183","You are connected through shared ancestors to people of North African descent primarily from a region around Mount Chenoua on the Mediterranean coast west of Algiers, many of whom identify as Amazigh.

Many people in this Genetic Group report ancestors from Cherchell, Ramka, Gouraya, and Tipaza. Some people in this Genetic Group report speaking Chenoua and Algerian Arabic. Common maternal haplogroups in this Genetic Group include L2a1c, L3e5 and L1b1a. Common paternal haplogroups in this Genetic Group include E-M78, E-V257 and E-M183.","e05804e98e918994ba43e87ec255808b5f748fc13ed9422cb16232326ab570fd","https://permalinks.23andme.com/you/json/ancestry_composition/clusters/cluster_maps/e4/6ca45126fb95930cc81c59a8791184e248757f1fa80009df9be056c9b4aa69.json"
"Mount Tidighin Region","Morocco","North African branch","World > Western Asian & North African > North African","U6a6, L3b1 and L1b1a","J-CTS5368, E-V257 and E-M183","You are connected through shared ancestors to people of North African descent primarily from a region around Mount Tidighin in northern Morocco, some of whom identify as Rifian or Amazigh.

Many people in this Genetic Group report ancestors from Beni Ammart, Targuist, Taouneza Beni Bchir, Beni Ahmed, and Taounate. Many people in this Genetic Group report speaking Tarifit. Common maternal haplogroups in this Genetic Group include U6a6, L3b1 and L1b1a. Common paternal haplogroups in this Genetic Group include J-CTS5368, E-V257 and E-M183.","11c2730ca56748ce4f9afebe5ca8abf3b8a23fb73e7286d79698699246753d75","https://permalinks.23andme.com/you/json/ancestry_composition/clusters/cluster_maps/85/f2e89dc0c3166f375321ca9648de9cb9f546ff2b091cd59f2a8713a5cf9755.json"
"Nafusa Mountains","Libya","North African branch","World > Western Asian & North African > North African","U6a, L2c and L2a1","J-M67, E-V65 and E-M183","You are connected through shared ancestors to people of North African descent primarily from the Nafusa Mountains of northwestern Libya, many of whom identify as Amazigh.

Many people in this Genetic Group report ancestors from Yafran, Nalut, Al Qalaa, Wefat, and Kikla. Many people in this Genetic Group report speaking Nafusi. Common maternal haplogroups in this Genetic Group include U6a, L2c and L2a1. Common paternal haplogroups in this Genetic Group include J-M67, E-V65 and E-M183.","98765acb45b0a6a97c21005690019ea61c87890aeeaa95a118dc7108774dc2e3","https://permalinks.23andme.com/you/json/ancestry_composition/clusters/cluster_maps/39/12182674a28249fcb15b3148f05d1a677713ec1925b5fc8479e8091ae60476.json"
"Northeastern Algerian Coast","Algeria","North African branch","World > Western Asian & North African > North African","L3f1b, L1b1a and L3d1","E-CTS736, E-V257 and E-M183","You are connected through shared ancestors to people of North African descent primarily from the northeastern Algerian coast.

Many people in this Genetic Group report ancestors from Skikda, El Milia, Constantine, Collo, Zitouna, Sidi Abdelaziz, and El Harrouch. Many people in this Genetic Group report speaking Algerian Arabic. Common maternal haplogroups in this Genetic Group include L3f1b, L1b1a and L3d1. Common paternal haplogroups in this Genetic Group include E-CTS736, E-V257 and E-M183.","ea48c1f27a6febad5a14fe23efad006f525c0e69d47ea284b9204fddf2b0c4f2","https://permalinks.23andme.com/you/json/ancestry_composition/clusters/cluster_maps/b5/82e8fc7731e9f6eca23f7a97bcb485551185a3807b3c6fa5d1aa549abea8cf.json"
"Northeastern Kabyle people","Algeria","North African branch","World > Western Asian & North African > North African","L2a1, L1b1a6 and L1b1a","E-M78, E-V257 and E-M183","You are connected through shared ancestors to people of North African descent primarily from the northeastern region of Kabylia in Algeria, many of whom identify as Kabyle.

Many people in this Genetic Group report ancestors from Béjaïa, Chemini, Tinabdher, Akfadou, Tifra, Aokas, Tibane, El-Flaye, and Sidi Aïch. Many people in this Genetic Group report speaking Amazigh and Kabyle. Common maternal haplogroups in this Genetic Group include L2a1, L1b1a6 and L1b1a. Common paternal haplogroups in this Genetic Group include E-M78, E-V257 and E-M183.","a84cafa9050665b4ad643b215de9584f7a6576daf175be99859a582f6dfe6434","https://permalinks.23andme.com/you/json/ancestry_composition/clusters/cluster_maps/d5/880b17cba96219c42c757aa329bdc3beb1b832dea6b7d314999ee3115eea85.json"
"Northern Haouz Plain","Morocco","North African branch","World > Western Asian & North African > North African","L1b1a6, L1b1a and L3e2b2","E-M183, E-V65 and E-V257","You are connected through shared ancestors to people of North African descent primarily from the Haouz Plain north of Marrakesh in Morocco.

Many people in this Genetic Group report ancestors from El Kelaa des Sraghna and Lounasda. Many people in this Genetic Group report speaking Moroccan Arabic. Common maternal haplogroups in this Genetic Group include L1b1a6, L1b1a and L3e2b2. Common paternal haplogroups in this Genetic Group include E-M183, E-V65 and E-V257.","d4aff33d757b3eeb010de94a382db20ae28c81f0dc54d48d74b69938878db10d","https://permalinks.23andme.com/you/json/ancestry_composition/clusters/cluster_maps/52/04857ac5e1623ec8ba49eb8d6be7a95b8a1235eb41fce5f32ac40b4e7a0cd0.json"
"Northern Middle Atlas Mountains","Morocco","North African branch","World > Western Asian & North African > North African","L3b1a, L1b1a6 and L1b1a","E-L485, E-V65 and E-M183","You are connected through shared ancestors to people of North African descent primarily from the northern Middle Atlas Mountains of Morocco, many of whom identify as Amazigh.

Many people in this Genetic Group report ancestors from Sefrou, Imouzzer Marmoucha, Ahermoumou, Tahla, Mellaha, and Bhalil. Many people in this Genetic Group report speaking Central Atlas Tamazight. Common maternal haplogroups in this Genetic Group include L3b1a, L1b1a6 and L1b1a. Common paternal haplogroups in this Genetic Group include E-L485, E-V65 and E-M183.","de4b50e8c005c9a17d3ad22ae5d258e475fe0f98597a70965f4b4a5d66882432","https://permalinks.23andme.com/you/json/ancestry_composition/clusters/cluster_maps/48/2c3a011c2ae383747eec0eb7eed36bddc6a764d7a6d96e88ef1bfad822c9f8.json"
"Northern Moroccan Plateau","Morocco","North African branch","World > Western Asian & North African > North African","L3b, L3d1-5 and L1b1a","J-L581, E-M183 and E-V65","You are connected through shared ancestors to people of North African descent primarily from the Atlantic plains of northwestern Morocco.

Many people in this Genetic Group report ancestors from Settat, Salé, Safi, and El Jadida. Many people in this Genetic Group report speaking Moroccan Arabic. Common maternal haplogroups in this Genetic Group include L3b, L3d1-5 and L1b1a. Common paternal haplogroups in this Genetic Group include J-L581, E-M183 and E-V65.","42d22d555f923e45c709e33b34833eafc33f945e8abb36c98366292361b713cc","https://permalinks.23andme.com/you/json/ancestry_composition/clusters/cluster_maps/c9/705993bbeb10638380063a2e750e1f103cb7899f772cdadb640ec148012973.json"
"Northern Tunisia","Tunisia","North African branch","World > Western Asian & North African > North African","L3e5, L3b1a and L2a1","J-CTS5368, E-V257 and E-M183","You are connected through shared ancestors to people of North African descent primarily from northern Tunisia, some of whom identify as Amazigh.

Many people in this Genetic Group report ancestors from Tunis, Kairouan, Nabeul, El Kef, Gafsa, Kelibia, Korba, Mateur, Kalâat el-Andalous, and Kalaa Kebira. Many people in this Genetic Group report speaking Tunisian Arabic. Common maternal haplogroups in this Genetic Group include L3e5, L3b1a and L2a1. Common paternal haplogroups in this Genetic Group include J-CTS5368, E-V257 and E-M183.","640e5d49eb084900e4451708a4411b67a2aa44093a69e662a95d2356ab5b5b8b","https://permalinks.23andme.com/you/json/ancestry_composition/clusters/cluster_maps/50/60a36c7ed96d7b06bddbd507c84a96e1b91783c5a0952032ea607edb7e94bf.json"
"Northwestern Kabyle people","Algeria","North African branch","World > Western Asian & North African > North African","L3e5, L1b1a and L0f2a","J-M92, E-L29 and E-M183","You are connected through shared ancestors to people of North African descent primarily from the northwestern region of Kabylia in Algeria, many of whom identify as Kabyle.

Many people in this Genetic Group report ancestors from Aït Mahmoud, Dellys, Makouda, Tigzirt, Maatkas, Irdjen, and Tizi Ouzou. Many people in this Genetic Group report speaking Amazigh, Kabyle, and Algerian Arabic. Common maternal haplogroups in this Genetic Group include L3e5, L1b1a and L0f2a. Common paternal haplogroups in this Genetic Group include J-M92, E-L29 and E-M183.","e8395e5057cfa403a76d5e39363886714cc8c7ad1741edb42759f827a0a3e328","https://permalinks.23andme.com/you/json/ancestry_composition/clusters/cluster_maps/f1/64fb531cb606c80d78337b5b8f013439c075ad011196145fe66da41b5b7a47.json"
"Rifian people","Morocco","North African branch","World > Western Asian & North African > North African","L1b, L1b1a and U6a","E-M5021, E-V257 and E-M183","You are connected through shared ancestors to people of North African descent primarily from northern Morocco, many of whom identify as Rifian. The Rif Mountains run along Morocco's Mediterranean coast and the Amazigh communities of this region are distinguished by the Tarifit language.

Many people in this Genetic Group report ancestors from Nador, Taza, Al Hoceima, Tangier, Berkane, Tetouan, Targuist, and Chefchaouen. Many people in this Genetic Group report speaking Tarifit, and some people in this Genetic Group report speaking Moroccan Arabic and Tamazight. Common maternal haplogroups in this Genetic Group include L1b, L1b1a and U6a. Common paternal haplogroups in this Genetic Group include E-M5021, E-V257 and E-M183.","8d316e90981209c74cd650c075ef7b8731da6e14dce961b4f3d6890ed3792862","https://permalinks.23andme.com/you/json/ancestry_composition/clusters/cluster_maps/c6/76ae803dce19378df92d8703acf3850df00226a813b36d8e6f67134ffb9deb.json"
"Sebaou River Basin","Algeria","North African branch","World > Western Asian & North African > North African","U6a3, L2a1i and L2a1","E-V257, E-M183 and E-V65","You are connected through shared ancestors to people of North African descent primarily from a region around the Sebaou River in northern Algeria, some of whom identify as Amazigh.

Many people in this Genetic Group report ancestors from Draâ El Mizan, Issers, and Tizi Ouzou. Many people in this Genetic Group report speaking Amazigh and Kabyle. Common maternal haplogroups in this Genetic Group include U6a3, L2a1i and L2a1. Common paternal haplogroups in this Genetic Group include E-V257, E-M183 and E-V65.","3c8cc7d95b297f9c322c24ef25ef4e74d953a657bc5507ff731c529d633ed01e","https://permalinks.23andme.com/you/json/ancestry_composition/clusters/cluster_maps/64/05276999d6a24405dfaa50e823f287aed78ec552f6ad71e6a9577d5e4837a0.json"
"Sétif High Plains Region","Algeria","North African branch","World > Western Asian & North African > North African","L2a1c, L2a1 and L1b1a","E-L618, J-CTS5368 and E-M183","You are connected through shared ancestors to people of North African descent primarily from the high plains of northeastern Algeria near the city of Sétif and regions to the east.

In addition to Sétif, many people in this Genetic Group report ancestors from Tolga, Ras El Oued, Barika, and Constantine. Many people in this Genetic Group report speaking Algerian Arabic. Common maternal haplogroups in this Genetic Group include L2a1c, L2a1 and L1b1a. Common paternal haplogroups in this Genetic Group include E-L618, J-CTS5368 and E-M183.","482da0fdf8ab9b6e7841a41e8fdb8c19a28d5b71a700568ca19e9f4a5f93fc4a","https://permalinks.23andme.com/you/json/ancestry_composition/clusters/cluster_maps/0e/b51d41fffebb7323f8c3bed24df29124e4de50bd2d2e65fb7fafa73a45e0ef.json"
"Settat Region","Morocco","North African branch","World > Western Asian & North African > North African","L1b, L3b and L3b1","J-CTS5368 and E-M183","You are connected through shared ancestors to people of North African descent primarily from a region around the city of Settat in Morocco.

In addition to Settat, some people in this Genetic Group report ancestors from Guisser. Common maternal haplogroups in this Genetic Group include L1b, L3b and L3b1. Common paternal haplogroups in this Genetic Group include J-CTS5368 and E-M183.","a2442e83c70456c8cf5a0875a26780f918438769039eab2e7e66e26c886f72d4","https://permalinks.23andme.com/you/json/ancestry_composition/clusters/cluster_maps/e3/8d2e7c142c797bbcd9974d4c50ef1835ccb8c6e346e9c0597fbe0f675febe2.json"
"Souss Valley","Morocco","North African branch","World > Western Asian & North African > North African","L1b1a, L3e5 and L1b1a6","E-V257 and E-M183","You are connected through shared ancestors to people of North African descent primarily from the Souss Valley of southern Morocco, many of whom identify as Amazigh.

Many people in this Genetic Group report ancestors from Tafraoute, Tililan, and Aguerd Agadir. Many people in this Genetic Group report speaking Tachelhit. Common maternal haplogroups in this Genetic Group include L1b1a, L3e5 and L1b1a6. Common paternal haplogroups in this Genetic Group include E-V257 and E-M183.","3f767e2367763c04fdc3a7f23992aa786e42f255dd5dd43efac9bc191349b9e7","https://permalinks.23andme.com/you/json/ancestry_composition/clusters/cluster_maps/54/8403dd881df577db619d51a3ba7e7d05ba5c5a636f56bbb6e5f8d9decdb1d4.json"
"Tadla Plain","Morocco","North African branch","World > Western Asian & North African > North African","L3d1-5, L3e5 and L3h1b1a","E-V65, E-M183 and E-M5021","You are connected through shared ancestors to people of North African descent primarily from the Tadla Plain and the northern slopes of the High Atlas Mountains in Morocco.

Many people in this Genetic Group report ancestors from Beni Mellal, Aït Attab, and Boujad. Many people in this Genetic Group report speaking Moroccan Arabic. Common maternal haplogroups in this Genetic Group include L3d1-5, L3e5 and L3h1b1a. Common paternal haplogroups in this Genetic Group include E-V65, E-M183 and E-M5021.","5c2d777c22cb104600015732f74dd581876ed5ab337735a54ff972bf869fbfe7","https://permalinks.23andme.com/you/json/ancestry_composition/clusters/cluster_maps/8b/428c388bbaca5980e9583f728501e5542568d95651ba8617817e8b4631f68a.json"
"Tamasna Region","Morocco","North African branch","World > Western Asian & North African > North African","L3f1b, L1b1a and L3h1b1a","E-V257, E-M183 and E-V65","You are connected through shared ancestors to people of North African descent primarily from the historical region of Tamasna in central Morocco.

Many people in this Genetic Group report ancestors from El Kelaa des Sraghna, Beni Mellal, Ben Ahmed, Fquih Ben Salah, Boujad, and Khouribga. Many people in this Genetic Group report speaking Moroccan Arabic. Common maternal haplogroups in this Genetic Group include L3f1b, L1b1a and L3h1b1a. Common paternal haplogroups in this Genetic Group include E-V257, E-M183 and E-V65.","815dd09448691614d1bafff1f35bb512d6007769d8ccc82fadc11706e8816e31","https://permalinks.23andme.com/you/json/ancestry_composition/clusters/cluster_maps/c4/cdd5c2752d8354e9335e32e77d00af0cad04f7f826ec4c30384a0f8facb75d.json"
"Tata Oasis and Western Anti-Atlas Mountains","Morocco","North African branch","World > Western Asian & North African > North African","U6a, L3b1a and L3d1","E-V257, E-V65 and E-M183","You are connected through shared ancestors to people of North African descent primarily from the southwestern Anti-Atlas Mountains reaching nearly to the Tata Oasis in Morocco, many of whom identify as Amazigh.

Many people in this Genetic Group report ancestors from Tayart, Ouzioua, and Tata. Some people in this Genetic Group report speaking Standard Moroccan Tamazight and Central Atlas Tamazight. Common maternal haplogroups in this Genetic Group include U6a, L3b1a and L3d1. Common paternal haplogroups in this Genetic Group include E-V257, E-V65 and E-M183.","c14c4383294c64a6097256aa7725570e3fea93c9641a767d2f9c75cf70d2516d","https://permalinks.23andme.com/you/json/ancestry_composition/clusters/cluster_maps/ec/e310df7beebc859462b2e39c3db8024d83cb4d68a1facd7291dea7f45aba5e.json"
"Titteri Region","Algeria","North African branch","World > Western Asian & North African > North African","L2a1c, L1b1a and L2a1","E-M5021, E-V257 and E-M183","You are connected through shared ancestors to people of North African descent primarily from the historical Titteri region in the hills and plains south and east of Algiers.

Many people in this Genetic Group report ancestors from Médéa, Boumerdès, M'Sila, Thénia, Sidi Aïssa, Beni Amrane, and Draâ El Mizan. Many people in this Genetic Group report speaking Algerian Arabic, and some people in this Genetic Group report speaking Amazigh and Kabyle. Common maternal haplogroups in this Genetic Group include L2a1c, L1b1a and L2a1. Common paternal haplogroups in this Genetic Group include E-M5021, E-V257 and E-M183.","3c691c5a8e88933d7520fb024267d95291a14568a21157857e19ba2a6b562167","https://permalinks.23andme.com/you/json/ancestry_composition/clusters/cluster_maps/29/3c0d12d05a96b2bf185a37a0bc981435af45becbf51422b631b94343a69fcf.json"
"Tlemcen Mountains","Algeria","North African branch","World > Western Asian & North African > North African","U6a7a, U6a7a1 and U6a","J-M67, J-CTS5368 and E-M183","You are connected through shared ancestors to people of North African descent primarily from the Tlemcen Mountains in the far northwest of Algeria.

In addition to Tlemcen, some people in this Genetic Group report ancestors from Béni Saf, Nedroma, and Aïn Témouchent. Many people in this Genetic Group report speaking Algerian Arabic. Common maternal haplogroups in this Genetic Group include U6a7a, U6a7a1 and U6a. Common paternal haplogroups in this Genetic Group include J-M67, J-CTS5368 and E-M183.","20a4d5c6eebf51feb899c1b63316d56c85b6ff1f7b40beab7f2cef348b5df61a","https://permalinks.23andme.com/you/json/ancestry_composition/clusters/cluster_maps/25/9f6d871874053afc5cfe4700385963970bc45941a215b5060f44c4c9370217.json"
"Toubkal Region","Morocco","North African branch","World > Western Asian & North African > North African","L3b1a, L2a1 and L3f1b","E-M5021, E-V257 and E-M183","You are connected through shared ancestors to people of North African descent primarily from a region around Toubkal in the High Atlas Mountains in Morocco, many of whom identify as Amazigh.

Many people in this Genetic Group report ancestors from Ouarzazate, Aoulouz, Toubkal, and Marrakesh. Many people in this Genetic Group report speaking Tachelhit, and some people in this Genetic Group report speaking Central Atlas Tamazight. Common maternal haplogroups in this Genetic Group include L3b1a, L2a1 and L3f1b. Common paternal haplogroups in this Genetic Group include E-M5021, E-V257 and E-M183.","ceea5f81f793870dc0f72d6d855cc855f5a92bd2d1c6ac092b64928b33fdd063","https://permalinks.23andme.com/you/json/ancestry_composition/clusters/cluster_maps/29/391c7a40af0e5aafb1d980010dbd19e393ef8b074eb41d35dfb0f33fa0f1c1.json"
"Trara Mountains","Algeria","North African branch","World > Western Asian & North African > North African","U6a, L1b1a and L3f1b","G-Z18064","You are connected through shared ancestors to people of North African descent primarily from the Trara and nearby Tlemcen Mountains in the far northwestern corner of Algeria.

Many people in this Genetic Group report ancestors from Souahlia, Nedroma, Ghazaouet, and Tlemcen. Many people in this Genetic Group report speaking Algerian Arabic. Common maternal haplogroups in this Genetic Group include U6a, L1b1a and L3f1b. Common paternal haplogroups in this Genetic Group include G-Z18064.2, R-P311 and E-M183.","e51e4aad06eb000fbff7ad62c722ae97f4eac0314470e273c65dba74c5b6a608","https://permalinks.23andme.com/you/json/ancestry_composition/clusters/cluster_maps/1b/10e960d34fd2107fe1571f5e9e73f8ebaa2637f67d8167492f27639ba1947e.json"
"Triffa Plain","Morocco","North African branch","World > Western Asian & North African > North African","L2a1c3, L2a1 and L1b1a","E-M5021 and E-M183","You are connected through shared ancestors to people of North African descent primarily from the Triffa Plain and nearby regions in northeastern Morocco, some of whom identify as Amazigh.

Many people in this Genetic Group report ancestors from Tafoughalt, Berkane, and Oujda. Many people in this Genetic Group report speaking Moroccan Arabic, and some people in this Genetic Group report speaking Tarifit. Common maternal haplogroups in this Genetic Group include L2a1c3, L2a1 and L1b1a. Common paternal haplogroups in this Genetic Group include E-M5021 and E-M183.","c17bb73eb309f8db1994f8ff210bd50419290d1906d93f2c2587b138383058a5","https://permalinks.23andme.com/you/json/ancestry_composition/clusters/cluster_maps/5f/3288437eaa6fd6bec0b8d4552b0bf2c1620fc72ff0c06783435cc077c7b85b.json"
"Tunisia and Northern Libya","Tunisia, Libya","North African branch","World > Western Asian & North African > North African","HV0, U8b'K and L2a1","E-M78, E-V257 and E-M183","You are connected through shared ancestors to people of North African descent primarily from Tunisia and northern Libya, some of whom identify as Amazigh. This coast has been a crossroads since antiquity, linking Carthage and Tripoli to the central Mediterranean, while inland, the Nafusa Mountains are still home to Amazigh-speaking peoples despite decades of repression.

Many people in this Genetic Group report ancestors from Tunis, Sfax, Kairouan, Sousse, Monastir, and Gabès in Tunisia, and Tripoli, Benghazi, Misrata, Gharyan, and Yafran in Libya. Many people in this Genetic Group report speaking Tunisian Arabic and Libyan Arabic, and some people in this Genetic Group report speaking Nafusi. Common maternal haplogroups in this Genetic Group include HV0, U8b'K and L2a1. Common paternal haplogroups in this Genetic Group include E-M78, E-V257 and E-M183.","ba718fa4003969aac55cd54fa871f66a531543f27972ef02965713a062168473","https://permalinks.23andme.com/you/json/ancestry_composition/clusters/cluster_maps/e2/63cb7462099461027a7fd932873fd315b51c811af52db94757327b73dbe899.json"
"Tunisian Dorsal","Tunisia","North African branch","World > Western Asian & North African > North African","L2e, L3b1a and L3b1b","E-L618, E-V65 and E-M183","You are connected through shared ancestors to people of North African descent primarily from the Tunisian Dorsal in northern Tunisia.

Many people in this Genetic Group report ancestors from Kasserine, El Kef, Mzaougha, and Sbeitla. Many people in this Genetic Group report speaking Tunisian Arabic. Common maternal haplogroups in this Genetic Group include L2e, L3b1a and L3b1b. Common paternal haplogroups in this Genetic Group include E-L618, E-V65 and E-M183.","42c8193f1f17ebb979570e03bfed81fe5ed0a88643ab233c210591f2b5b49c15","https://permalinks.23andme.com/you/json/ancestry_composition/clusters/cluster_maps/9d/5608a29b4d1bd157f8426ede4dfcbc2f4f02a8426fd4afeea2ac2ba92ad40c.json"
"Tunisian Sahel Coast","Tunisia","North African branch","World > Western Asian & North African > North African","L3e5, L1b1a and L1b1a5","E-V13, E-L618 and E-M183","You are connected through shared ancestors to people of North African descent primarily from the coastal region of the Tunisian Sahel.

Many people in this Genetic Group report ancestors from Sousse, Monastir, Moknine, Ksar Hellal, Jemmal, Mahdia, Téboulba, and Tunis. Many people in this Genetic Group report speaking Tunisian Arabic. Common maternal haplogroups in this Genetic Group include L3e5, L1b1a and L1b1a5. Common paternal haplogroups in this Genetic Group include E-V13, E-L618 and E-M183.","b0c182c1631fd15a3c28344012dbe7cbe34d50a8a6fbd949ad79ebb280366dfd","https://permalinks.23andme.com/you/json/ancestry_composition/clusters/cluster_maps/07/e47cee5a8733374cd89306e381fc86f8353542b8a3c70f6f435b0c6f752c67.json"
"Upper Soummam Basin","Algeria","North African branch","World > Western Asian & North African > North African","L3d1, L1b1a and L2a1","E-V65, E-V257 and E-M183","You are connected through shared ancestors to people of North African descent primarily from a region around the upper Soummam River in the southern edge of Kabylia in Algeria, many of whom identify as Amazigh.

Many people in this Genetic Group report ancestors from Ighil Ali, El M'hir, Medjana, and Akbou. Many people in this Genetic Group report speaking Amazigh, and some people in this Genetic Group report speaking Kabyle. Common maternal haplogroups in this Genetic Group include L3d1, L1b1a and L2a1. Common paternal haplogroups in this Genetic Group include E-V65, E-V257 and E-M183.","f065a0b4444db488a5a29ae749a6e257579a6540a10349530484bb46f853e35d","https://permalinks.23andme.com/you/json/ancestry_composition/clusters/cluster_maps/fd/6428049c3ec3c21aec4879fab67fec5948a073fa98fe04d7690e91b1bc14d2.json"
"West-Central Tunisian Highlands","Algeria, Tunisia","North African branch","World > Western Asian & North African > North African","L3e1, L3b1 and L2a1","E-M183, E-V65 and J-CTS5368","You are connected through shared ancestors to people of North African descent primarily from a region from the Chott el Jerid basin to the northern Tunisian coast and west to the Aurès Mountains in Algeria.

Many people in this Genetic Group report ancestors from Gafsa, El Guettar, Degache, and Sidi Bouzid in Tunisia, and El Oued in Algeria. Many people in this Genetic Group report speaking Tunisian Arabic, and some people in this Genetic Group report speaking Algerian Saharan Arabic. Common maternal haplogroups in this Genetic Group include L3e1, L3b1 and L2a1. Common paternal haplogroups in this Genetic Group include E-M183, E-V65 and J-CTS5368.","1460fb639558222aa6cff0674fbfe71882080fcd1108685e0764189ef7be316a","https://permalinks.23andme.com/you/json/ancestry_composition/clusters/cluster_maps/ba/c81f330222db36a4e3d364059af8995efcde0fcd8694c04324aebd7c4f63b8.json"
"Western Algeria","Algeria","North African branch","World > Western Asian & North African > North African","HV0, U6a and L2a1","E-M5021, E-V257 and E-M183","You are connected through shared ancestors to people of North African descent primarily from western Algeria, some of whom identify as Amazigh. This region stretches from the Tell Atlas Mountains and the Dahra Massif along the Mediterranean south to the Hautes Plaines and the M'zab Oases. This region's port cities have long connected the interior of Algeria to the wider Mediterranean.

Many people in this Genetic Group report ancestors from Tlemcen, Oran, Mascara, Tiaret, Cherchell, Mostaganem, Berriane, Ghardaïa, and Chlef. Many people in this Genetic Group report speaking Algerian Arabic. Common maternal haplogroups in this Genetic Group include HV0, U6a and L2a1. Common paternal haplogroups in this Genetic Group include E-M5021, E-V257 and E-M183.","fe2b79895b054cfc45e11486dd4335d091f0f1802defaf1c2c3c60d02e0f2613","https://permalinks.23andme.com/you/json/ancestry_composition/clusters/cluster_maps/93/87600c2f4a7ae846e3f2b7941cb5ebacd884c161de16647135dc59ee20bc80.json"
"Western Algerian Coast","Algeria","North African branch","World > Western Asian & North African > North African","L1b, L1b1a and L2a1","E-V65, E-M5021 and E-M183","You are connected through shared ancestors to people of North African descent primarily from the coastal plains and hills of western Algeria.

Many people in this Genetic Group report ancestors from Mascara, Mostaganem, Bou Kadir, Sig, Tiaret, and Oran. Many people in this Genetic Group report speaking Algerian Arabic. Common maternal haplogroups in this Genetic Group include L1b, L1b1a and L2a1. Common paternal haplogroups in this Genetic Group include E-V65, E-M5021 and E-M183.","158ba69d3cc348c20eb40bf644250cbe88f34699123eb22f393f385e74744d45","https://permalinks.23andme.com/you/json/ancestry_composition/clusters/cluster_maps/2a/1b57cf23e7649c3800dde6621115ad841cd19b630f10fe8d72234874254b81.json"
"Western Anti-Atlas Mountains","Morocco","North African branch","World > Western Asian & North African > North African","L1b1a, L2c and L2a1l","T-L208, E-V257 and E-M183","You are connected through shared ancestors to people of North African descent primarily from the western Anti-Atlas Mountains of southern Morocco, many of whom identify as Amazigh.

Many people in this Genetic Group report ancestors from Biougra, Ida Ougnidif, Ait Baha, and Tin Addi. Many people in this Genetic Group report speaking Tachelhit. Common maternal haplogroups in this Genetic Group include L1b1a, L2c and L2a1l. Common paternal haplogroups in this Genetic Group include T-L208, E-V257 and E-M183.","93894c64a26ba177b89d6cff74266343caaea1072a3f14ea0c9a234de1dc8fa6","https://permalinks.23andme.com/you/json/ancestry_composition/clusters/cluster_maps/16/83355b18626652719e97d25df3d73e7cfb92fdb89cb671da28ebaf424aa146.json"
"Western Aurès Region","Algeria","North African branch","World > Western Asian & North African > North African","L2a1c3, L3h1b1 and L3h1a2a","E-L618, E-M5021 and E-M183","You are connected through shared ancestors to people of North African descent primarily from the western Aurès region of northeastern Algeria, some of whom identify as Amazigh.

Many people in this Genetic Group report ancestors from Batna, Ouled Aouf, Merouana, Teleghma, Oued El Ma, and Ghassira. Many people in this Genetic Group report speaking Tachawit and Algerian Arabic. Common maternal haplogroups in this Genetic Group include L2a1c3, L3h1b1 and L3h1a2a. Common paternal haplogroups in this Genetic Group include E-L618, E-M5021 and E-M183.","d2388f4f2016ffee4c6cd4dc5f96fb61a077ad1e556f3530bd7a6e95e5b2d757","https://permalinks.23andme.com/you/json/ancestry_composition/clusters/cluster_maps/a8/773592b0ae1857c3f9fbc06094942e48fe9ff43eb6e2417741c913bea03752.json"
"Western Gulf of Sirte Coast","Libya","North African branch","World > Western Asian & North African > North African","L2a1a, L3e1 and L3h1b","E-M78, E-L677 and E-M183","You are connected through shared ancestors to people of North African descent primarily from a region around the western coast of the Gulf of Sirte, particularly around the city of Misrata in northern Libya.

In addition to Misrata, many people in this Genetic Group report ancestors from Tripoli and Benghazi. Many people in this Genetic Group report speaking Libyan Arabic. Common maternal haplogroups in this Genetic Group include L2a1a, L3e1 and L3h1b. Common paternal haplogroups in this Genetic Group include E-M78, E-L677 and E-M183.","2aa597545fdd22bbe07b658cc864f395b2a8d950d9333af76710465727768ba5","https://permalinks.23andme.com/you/json/ancestry_composition/clusters/cluster_maps/33/c9a98aa8da3793589bb3da4dd640f1a1b4fdfd4497263b0922cfa6a3b97df5.json"
"Western High Atlas Mountains","Morocco","North African branch","World > Western Asian & North African > North African","L2a1, HV0 and U6a","E-M5021, E-V257 and E-M183","You are connected through shared ancestors to people of North African descent primarily from the western High Atlas Mountains of Morocco, many of whom identify as Amazigh.

Many people in this Genetic Group report ancestors from Taroudant, Imintanoute, Mzouda, Idouirane, Aoulouz, Ourika, Zagora, and Marrakesh. Many people in this Genetic Group report speaking Tachelhit and Moroccan Arabic, and some people in this Genetic Group report speaking Standard Moroccan Tamazight and Central Atlas Tamazight. Common maternal haplogroups in this Genetic Group include L2a1, HV0 and U6a. Common paternal haplogroups in this Genetic Group include E-M5021, E-V257 and E-M183.","df3832cb94cab2b28aa155784b80c667d9687bb0a041a9505707d62c22887dd8","https://permalinks.23andme.com/you/json/ancestry_composition/clusters/cluster_maps/a9/a3814d76f237511c62bae1127582bfa65b285b0ed97dbd7c2d78565fac30b9.json"
"Western Libyan Coast","Tunisia, Libya","North African branch","World > Western Asian & North African > North African","L3h1b1, L3h1b and L2a1","E-V65, J-CTS5368 and E-M183","You are connected through shared ancestors to people of North African descent primarily from the coastal region of northwestern Libya and nearby regions in Tunisia.

Many people in this Genetic Group report ancestors from Tripoli, Gharyan, Bani Walid, Az-Zawiyah, Janzur, and Khoms. Many people in this Genetic Group report speaking Libyan Arabic and Tunisian Arabic. Common maternal haplogroups in this Genetic Group include L3h1b1, L3h1b and L2a1. Common paternal haplogroups in this Genetic Group include E-V65, J-CTS5368 and E-M183.","c162552a7b8d15147ca6968254b98ca4391fc7bd70f93134603aea693482c9aa","https://permalinks.23andme.com/you/json/ancestry_composition/clusters/cluster_maps/ca/ad1b2de998e8eecaec8009ef0e63252251f9cf955b499dbd9b75ecc9aedc70.json"
"Western Petite Kabylie Region","Algeria","North African branch","World > Western Asian & North African > North African","U5b, L2a1 and L1b1a","J-L26, J-M67 and E-M183","You are connected through shared ancestors to people of North African descent primarily from the western Petite Kabylie region in northern Algeria, some of whom identify as Kabyle.

Many people in this Genetic Group report ancestors from Seddouk, Bouhamza, Akbou, and Béjaïa. Many people in this Genetic Group report speaking Amazigh. Common maternal haplogroups in this Genetic Group include U5b, L2a1 and L1b1a. Common paternal haplogroups in this Genetic Group include J-L26, J-M67 and E-M183.","3f35f2301ab9269189db5d1e0843a8ef70343749b7d6f774ee8ffd4a9b582c4e","https://permalinks.23andme.com/you/json/ancestry_composition/clusters/cluster_maps/1b/46f9dbd81ea478f2e81786132ae2ef2e0187fe581d20c0b84d3ca7bc1e5976.json"
"Western Rif Mountains","Morocco","North African branch","World > Western Asian & North African > North African","L1b, L3e5 and L1b1a","E-CTS736, E-V257 and E-M183","You are connected through shared ancestors to people of North African descent primarily from the western Rif Mountains of northern Morocco, some of whom identify as Rifian or Amazigh.

Many people in this Genetic Group report ancestors from Al Hoceima, Targuist, Beni Ammart, Tetouan, Tangier, El Jebha, and Bni Bouayach. Many people in this Genetic Group report speaking Tarifit and Moroccan Arabic. Common maternal haplogroups in this Genetic Group include L1b, L3e5 and L1b1a. Common paternal haplogroups in this Genetic Group include E-CTS736, E-V257 and E-M183.","bfbf19ca8732811066516d2d240a02389f43e51ba628fe16fc8f0d1839cee433","https://permalinks.23andme.com/you/json/ancestry_composition/clusters/cluster_maps/91/c8e62b48b2c72a978bba4ea32ae6832ec8cedaaa8f645d86ef2138131d0065.json"
"Zemmour Plateau","Morocco","North African branch","World > Western Asian & North African > North African","L3d1-5, L3d1b1 and L1b1a","E-M5021, E-V257 and E-M183","You are connected through shared ancestors to people of North African descent primarily from the plateau between Rabat and Meknes in Morocco, some of whom identify as Amazigh.

Many people in this Genetic Group report ancestors from Khemisset, Salé, Tiflet, and Maaziz. Many people in this Genetic Group report speaking Moroccan Arabic, and some people in this Genetic Group report speaking Tamazight. Common maternal haplogroups in this Genetic Group include L3d1-5, L3d1b1 and L1b1a. Common paternal haplogroups in this Genetic Group include E-M5021, E-V257 and E-M183.","932e6393cff7efe4c99e6a4c81f5516432cdc279925e0e763e489daedde908bf","https://permalinks.23andme.com/you/json/ancestry_composition/clusters/cluster_maps/5a/e72b4e597c66fb592d331a7d69351a50b7884235cebb10d53c08da6f3d7e49.json"
"Ziz Valley and Middle Atlas Mountains","Morocco","North African branch","World > Western Asian & North African > North African","K1a, U6a3 and L1b1a","G-L91, J-CTS5368 and E-M183","You are connected through shared ancestors to people of North African descent primarily from the Ziz Valley and the Middle Atlas Mountains of Morocco.

Many people in this Genetic Group report ancestors from Errachidia, Azrou, and Khenifra. Common maternal haplogroups in this Genetic Group include K1a, U6a3 and L1b1a. Common paternal haplogroups in this Genetic Group include G-L91, J-CTS5368 and E-M183.","fe43bb06db886c663e06539b07acb3ec6e79d304cf212db24313f053765dc443","https://permalinks.23andme.com/you/json/ancestry_composition/clusters/cluster_maps/dd/f5cfa05a0024475a05ee26eef41c95140925e433b33dc8aa4e1113f9d36177.json"
